curve_type,parameter_label,parameter_value,radius_km,gamma_core_incidences,edge_count,retained_fraction_of_temporal,spatially_unmeasured_edges_retained,core_zero_degree_count,core_min_degree,core_max_degree,cover_status,cover_mip_gap,query,unit,lower,upper,width,endpoint_pair_certification,diagnostic_lower_nonoptimal_incumbent,diagnostic_upper_nonoptimal_incumbent,lower_status,upper_status,lower_mip_gap,upper_mip_gap,max_replay_residual,edges_with_missing_query_values,query_missing_semantics,endpoint_source,claim
radius,0 km,0.0,0.0,,11865,0.4887945950399605,11865,0,104,561,OPTIMAL_NUMERICAL_MILP,0.0,mean_absolute_trip_miles_gap_per_core,miles,0.7155733333333333,19.816456666666667,19.100883333333336,CERTIFIED_OPTIMAL_PAIR,,,OPTIMAL_NUMERICAL_MILP,OPTIMAL_NUMERICAL_MILP,0.0,0.0,0.0,0,unresolved if any retained edge lacks trip_miles,direct_milp,"conditional sensitivity over a count-closed, core-incident public temporal candidate universe; no hidden-run or partner-recall claim"
radius,0 km,0.0,0.0,,11865,0.4887945950399605,11865,0,104,561,OPTIMAL_NUMERICAL_MILP,0.0,mean_absolute_duration_gap_per_core,minutes,1.3147222222222221,45.42333333333333,44.10861111111111,CERTIFIED_OPTIMAL_PAIR,,,OPTIMAL_NUMERICAL_MILP,OPTIMAL_NUMERICAL_MILP,0.0,0.0,0.0,0,unresolved if any retained edge lacks trip_seconds,direct_milp,"conditional sensitivity over a count-closed, core-incident public temporal candidate universe; no hidden-run or partner-recall claim"
radius,0 km,0.0,0.0,,11865,0.4887945950399605,11865,0,104,561,OPTIMAL_NUMERICAL_MILP,0.0,mean_absolute_fare_gap_per_core,dollars,,,,UNCERTIFIED,,,UNRESOLVED_MISSING_PUBLIC_QUERY_VALUES,UNRESOLVED_MISSING_PUBLIC_QUERY_VALUES,,,,171,unresolved if any retained edge lacks fare,direct_milp,"conditional sensitivity over a count-closed, core-incident public temporal candidate universe; no hidden-run or partner-recall claim"
radius,0 km,0.0,0.0,,11865,0.4887945950399605,11865,0,104,561,OPTIMAL_NUMERICAL_MILP,0.0,same_pickup_community_area_fraction_per_core,fraction,0.0,1.0,1.0,CERTIFIED_OPTIMAL_PAIR,,,OPTIMAL_NUMERICAL_MILP,OPTIMAL_NUMERICAL_MILP,0.0,0.0,0.0,0,"missing endpoint area contributes interval [0,1]",direct_milp,"conditional sensitivity over a count-closed, core-incident public temporal candidate universe; no hidden-run or partner-recall claim"
radius,0 km,0.0,0.0,,11865,0.4887945950399605,11865,0,104,561,OPTIMAL_NUMERICAL_MILP,0.0,same_dropoff_community_area_fraction_per_core,fraction,0.0,1.0,1.0,CERTIFIED_OPTIMAL_PAIR,,,OPTIMAL_NUMERICAL_MILP,OPTIMAL_NUMERICAL_MILP,0.0,0.0,0.0,0,"missing endpoint area contributes interval [0,1]",direct_milp,"conditional sensitivity over a count-closed, core-incident public temporal candidate universe; no hidden-run or partner-recall claim"
radius,0.25 km,0.25,0.25,,11865,0.4887945950399605,11865,0,104,561,OPTIMAL_NUMERICAL_MILP,0.0,mean_absolute_trip_miles_gap_per_core,miles,0.7155733333333333,19.816456666666667,19.100883333333336,CERTIFIED_OPTIMAL_PAIR,,,OPTIMAL_NUMERICAL_MILP,OPTIMAL_NUMERICAL_MILP,0.0,0.0,0.0,0,unresolved if any retained edge lacks trip_miles,direct_milp,"conditional sensitivity over a count-closed, core-incident public temporal candidate universe; no hidden-run or partner-recall claim"
radius,0.25 km,0.25,0.25,,11865,0.4887945950399605,11865,0,104,561,OPTIMAL_NUMERICAL_MILP,0.0,mean_absolute_duration_gap_per_core,minutes,1.3147222222222221,45.42333333333333,44.10861111111111,CERTIFIED_OPTIMAL_PAIR,,,OPTIMAL_NUMERICAL_MILP,OPTIMAL_NUMERICAL_MILP,0.0,0.0,0.0,0,unresolved if any retained edge lacks trip_seconds,direct_milp,"conditional sensitivity over a count-closed, core-incident public temporal candidate universe; no hidden-run or partner-recall claim"
radius,0.25 km,0.25,0.25,,11865,0.4887945950399605,11865,0,104,561,OPTIMAL_NUMERICAL_MILP,0.0,mean_absolute_fare_gap_per_core,dollars,,,,UNCERTIFIED,,,UNRESOLVED_MISSING_PUBLIC_QUERY_VALUES,UNRESOLVED_MISSING_PUBLIC_QUERY_VALUES,,,,171,unresolved if any retained edge lacks fare,direct_milp,"conditional sensitivity over a count-closed, core-incident public temporal candidate universe; no hidden-run or partner-recall claim"
radius,0.25 km,0.25,0.25,,11865,0.4887945950399605,11865,0,104,561,OPTIMAL_NUMERICAL_MILP,0.0,same_pickup_community_area_fraction_per_core,fraction,0.0,1.0,1.0,CERTIFIED_OPTIMAL_PAIR,,,OPTIMAL_NUMERICAL_MILP,OPTIMAL_NUMERICAL_MILP,0.0,0.0,0.0,0,"missing endpoint area contributes interval [0,1]",direct_milp,"conditional sensitivity over a count-closed, core-incident public temporal candidate universe; no hidden-run or partner-recall claim"
radius,0.25 km,0.25,0.25,,11865,0.4887945950399605,11865,0,104,561,OPTIMAL_NUMERICAL_MILP,0.0,same_dropoff_community_area_fraction_per_core,fraction,0.0,1.0,1.0,CERTIFIED_OPTIMAL_PAIR,,,OPTIMAL_NUMERICAL_MILP,OPTIMAL_NUMERICAL_MILP,0.0,0.0,0.0,0,"missing endpoint area contributes interval [0,1]",direct_milp,"conditional sensitivity over a count-closed, core-incident public temporal candidate universe; no hidden-run or partner-recall claim"
radius,0.5 km,0.5,0.5,,11869,0.48895938040701986,11865,0,104,561,OPTIMAL_NUMERICAL_MILP,0.0,mean_absolute_trip_miles_gap_per_core,miles,0.3406416666666666,19.816456666666667,19.475815,CERTIFIED_OPTIMAL_PAIR,,,OPTIMAL_NUMERICAL_MILP,OPTIMAL_NUMERICAL_MILP,0.0,0.0,0.0,0,unresolved if any retained edge lacks trip_miles,direct_milp,"conditional sensitivity over a count-closed, core-incident public temporal candidate universe; no hidden-run or partner-recall claim"
radius,0.5 km,0.5,0.5,,11869,0.48895938040701986,11865,0,104,561,OPTIMAL_NUMERICAL_MILP,0.0,mean_absolute_duration_gap_per_core,minutes,0.63,45.42333333333333,44.79333333333333,CERTIFIED_OPTIMAL_PAIR,,,OPTIMAL_NUMERICAL_MILP,OPTIMAL_NUMERICAL_MILP,0.0,0.0,0.0,0,unresolved if any retained edge lacks trip_seconds,direct_milp,"conditional sensitivity over a count-closed, core-incident public temporal candidate universe; no hidden-run or partner-recall claim"
radius,0.5 km,0.5,0.5,,11869,0.48895938040701986,11865,0,104,561,OPTIMAL_NUMERICAL_MILP,0.0,mean_absolute_fare_gap_per_core,dollars,,,,UNCERTIFIED,,,UNRESOLVED_MISSING_PUBLIC_QUERY_VALUES,UNRESOLVED_MISSING_PUBLIC_QUERY_VALUES,,,,171,unresolved if any retained edge lacks fare,direct_milp,"conditional sensitivity over a count-closed, core-incident public temporal candidate universe; no hidden-run or partner-recall claim"
radius,0.5 km,0.5,0.5,,11869,0.48895938040701986,11865,0,104,561,OPTIMAL_NUMERICAL_MILP,0.0,same_pickup_community_area_fraction_per_core,fraction,0.0,1.0,1.0,CERTIFIED_OPTIMAL_PAIR,,,OPTIMAL_NUMERICAL_MILP,OPTIMAL_NUMERICAL_MILP,0.0,0.0,0.0,0,"missing endpoint area contributes interval [0,1]",direct_milp,"conditional sensitivity over a count-closed, core-incident public temporal candidate universe; no hidden-run or partner-recall claim"
radius,0.5 km,0.5,0.5,,11869,0.48895938040701986,11865,0,104,561,OPTIMAL_NUMERICAL_MILP,0.0,same_dropoff_community_area_fraction_per_core,fraction,0.0,1.0,1.0,CERTIFIED_OPTIMAL_PAIR,,,OPTIMAL_NUMERICAL_MILP,OPTIMAL_NUMERICAL_MILP,0.0,0.0,0.0,0,"missing endpoint area contributes interval [0,1]",direct_milp,"conditional sensitivity over a count-closed, core-incident public temporal candidate universe; no hidden-run or partner-recall claim"
radius,1 km,1.0,1.0,,11894,0.48998928895114113,11865,0,104,561,OPTIMAL_NUMERICAL_MILP,0.0,mean_absolute_trip_miles_gap_per_core,miles,0.328475,19.816456666666667,19.487981666666666,CERTIFIED_OPTIMAL_PAIR,,,OPTIMAL_NUMERICAL_MILP,OPTIMAL_NUMERICAL_MILP,0.0,0.0,0.0,0,unresolved if any retained edge lacks trip_miles,direct_milp,"conditional sensitivity over a count-closed, core-incident public temporal candidate universe; no hidden-run or partner-recall claim"
radius,1 km,1.0,1.0,,11894,0.48998928895114113,11865,0,104,561,OPTIMAL_NUMERICAL_MILP,0.0,mean_absolute_duration_gap_per_core,minutes,0.5858333333333332,45.42333333333333,44.8375,CERTIFIED_OPTIMAL_PAIR,,,OPTIMAL_NUMERICAL_MILP,OPTIMAL_NUMERICAL_MILP,0.0,0.0,0.0,0,unresolved if any retained edge lacks trip_seconds,direct_milp,"conditional sensitivity over a count-closed, core-incident public temporal candidate universe; no hidden-run or partner-recall claim"
radius,1 km,1.0,1.0,,11894,0.48998928895114113,11865,0,104,561,OPTIMAL_NUMERICAL_MILP,0.0,mean_absolute_fare_gap_per_core,dollars,,,,UNCERTIFIED,,,UNRESOLVED_MISSING_PUBLIC_QUERY_VALUES,UNRESOLVED_MISSING_PUBLIC_QUERY_VALUES,,,,171,unresolved if any retained edge lacks fare,direct_milp,"conditional sensitivity over a count-closed, core-incident public temporal candidate universe; no hidden-run or partner-recall claim"
radius,1 km,1.0,1.0,,11894,0.48998928895114113,11865,0,104,561,OPTIMAL_NUMERICAL_MILP,0.0,same_pickup_community_area_fraction_per_core,fraction,0.0,1.0,1.0,CERTIFIED_OPTIMAL_PAIR,,,OPTIMAL_NUMERICAL_MILP,OPTIMAL_NUMERICAL_MILP,0.0,0.0,0.0,0,"missing endpoint area contributes interval [0,1]",direct_milp,"conditional sensitivity over a count-closed, core-incident public temporal candidate universe; no hidden-run or partner-recall claim"
radius,1 km,1.0,1.0,,11894,0.48998928895114113,11865,0,104,561,OPTIMAL_NUMERICAL_MILP,0.0,same_dropoff_community_area_fraction_per_core,fraction,0.0,1.0,1.0,CERTIFIED_OPTIMAL_PAIR,,,OPTIMAL_NUMERICAL_MILP,OPTIMAL_NUMERICAL_MILP,0.0,0.0,0.0,0,"missing endpoint area contributes interval [0,1]",direct_milp,"conditional sensitivity over a count-closed, core-incident public temporal candidate universe; no hidden-run or partner-recall claim"
radius,2 km,2.0,2.0,,11965,0.49291422921644557,11865,0,104,561,OPTIMAL_NUMERICAL_MILP,0.0,mean_absolute_trip_miles_gap_per_core,miles,0.168685,19.816456666666667,19.647771666666667,CERTIFIED_OPTIMAL_PAIR,,,OPTIMAL_NUMERICAL_MILP,OPTIMAL_NUMERICAL_MILP,0.0,0.0,0.0,0,unresolved if any retained edge lacks trip_miles,direct_milp,"conditional sensitivity over a count-closed, core-incident public temporal candidate universe; no hidden-run or partner-recall claim"
radius,2 km,2.0,2.0,,11965,0.49291422921644557,11865,0,104,561,OPTIMAL_NUMERICAL_MILP,0.0,mean_absolute_duration_gap_per_core,minutes,0.44722222222222224,45.42333333333333,44.97611111111111,CERTIFIED_OPTIMAL_PAIR,,,OPTIMAL_NUMERICAL_MILP,OPTIMAL_NUMERICAL_MILP,0.0,0.0,0.0,0,unresolved if any retained edge lacks trip_seconds,direct_milp,"conditional sensitivity over a count-closed, core-incident public temporal candidate universe; no hidden-run or partner-recall claim"
radius,2 km,2.0,2.0,,11965,0.49291422921644557,11865,0,104,561,OPTIMAL_NUMERICAL_MILP,0.0,mean_absolute_fare_gap_per_core,dollars,,,,UNCERTIFIED,,,UNRESOLVED_MISSING_PUBLIC_QUERY_VALUES,UNRESOLVED_MISSING_PUBLIC_QUERY_VALUES,,,,171,unresolved if any retained edge lacks fare,direct_milp,"conditional sensitivity over a count-closed, core-incident public temporal candidate universe; no hidden-run or partner-recall claim"
radius,2 km,2.0,2.0,,11965,0.49291422921644557,11865,0,104,561,OPTIMAL_NUMERICAL_MILP,0.0,same_pickup_community_area_fraction_per_core,fraction,0.0,1.0,1.0,CERTIFIED_OPTIMAL_PAIR,,,OPTIMAL_NUMERICAL_MILP,OPTIMAL_NUMERICAL_MILP,0.0,0.0,0.0,0,"missing endpoint area contributes interval [0,1]",direct_milp,"conditional sensitivity over a count-closed, core-incident public temporal candidate universe; no hidden-run or partner-recall claim"
radius,2 km,2.0,2.0,,11965,0.49291422921644557,11865,0,104,561,OPTIMAL_NUMERICAL_MILP,0.0,same_dropoff_community_area_fraction_per_core,fraction,0.0,1.0,1.0,CERTIFIED_OPTIMAL_PAIR,,,OPTIMAL_NUMERICAL_MILP,OPTIMAL_NUMERICAL_MILP,0.0,0.0,0.0,0,"missing endpoint area contributes interval [0,1]",direct_milp,"conditional sensitivity over a count-closed, core-incident public temporal candidate universe; no hidden-run or partner-recall claim"
radius,4 km,4.0,4.0,,12137,0.5,11865,0,106,561,OPTIMAL_NUMERICAL_MILP,0.0,mean_absolute_trip_miles_gap_per_core,miles,0.12395500000000001,19.816456666666667,19.69250166666667,CERTIFIED_OPTIMAL_PAIR,,,OPTIMAL_NUMERICAL_MILP,OPTIMAL_NUMERICAL_MILP,0.0,0.0,0.0,0,unresolved if any retained edge lacks trip_miles,direct_milp,"conditional sensitivity over a count-closed, core-incident public temporal candidate universe; no hidden-run or partner-recall claim"
radius,4 km,4.0,4.0,,12137,0.5,11865,0,106,561,OPTIMAL_NUMERICAL_MILP,0.0,mean_absolute_duration_gap_per_core,minutes,0.4247222222222222,45.61472222222223,45.190000000000005,CERTIFIED_OPTIMAL_PAIR,,,OPTIMAL_NUMERICAL_MILP,OPTIMAL_NUMERICAL_MILP,0.0,0.0,0.0,0,unresolved if any retained edge lacks trip_seconds,direct_milp,"conditional sensitivity over a count-closed, core-incident public temporal candidate universe; no hidden-run or partner-recall claim"
radius,4 km,4.0,4.0,,12137,0.5,11865,0,106,561,OPTIMAL_NUMERICAL_MILP,0.0,mean_absolute_fare_gap_per_core,dollars,,,,UNCERTIFIED,,,UNRESOLVED_MISSING_PUBLIC_QUERY_VALUES,UNRESOLVED_MISSING_PUBLIC_QUERY_VALUES,,,,177,unresolved if any retained edge lacks fare,direct_milp,"conditional sensitivity over a count-closed, core-incident public temporal candidate universe; no hidden-run or partner-recall claim"
radius,4 km,4.0,4.0,,12137,0.5,11865,0,106,561,OPTIMAL_NUMERICAL_MILP,0.0,same_pickup_community_area_fraction_per_core,fraction,0.0,1.0,1.0,CERTIFIED_OPTIMAL_PAIR,,,OPTIMAL_NUMERICAL_MILP,OPTIMAL_NUMERICAL_MILP,0.0,0.0,0.0,0,"missing endpoint area contributes interval [0,1]",direct_milp,"conditional sensitivity over a count-closed, core-incident public temporal candidate universe; no hidden-run or partner-recall claim"
radius,4 km,4.0,4.0,,12137,0.5,11865,0,106,561,OPTIMAL_NUMERICAL_MILP,0.0,same_dropoff_community_area_fraction_per_core,fraction,0.0,1.0,1.0,CERTIFIED_OPTIMAL_PAIR,,,OPTIMAL_NUMERICAL_MILP,OPTIMAL_NUMERICAL_MILP,0.0,0.0,0.0,0,"missing endpoint area contributes interval [0,1]",direct_milp,"conditional sensitivity over a count-closed, core-incident public temporal candidate universe; no hidden-run or partner-recall claim"
radius,8 km,8.0,8.0,,13318,0.5486528796242893,11865,0,121,561,OPTIMAL_NUMERICAL_MILP,0.0,mean_absolute_trip_miles_gap_per_core,miles,0.07933333333333341,19.888038333333334,19.808705,CERTIFIED_OPTIMAL_PAIR,,,OPTIMAL_NUMERICAL_MILP,OPTIMAL_NUMERICAL_MILP,0.0,0.0,0.0,0,unresolved if any retained edge lacks trip_miles,direct_milp,"conditional sensitivity over a count-closed, core-incident public temporal candidate universe; no hidden-run or partner-recall claim"
radius,8 km,8.0,8.0,,13318,0.5486528796242893,11865,0,121,561,OPTIMAL_NUMERICAL_MILP,0.0,mean_absolute_duration_gap_per_core,minutes,0.2725,46.044999999999995,45.772499999999994,CERTIFIED_OPTIMAL_PAIR,,,OPTIMAL_NUMERICAL_MILP,OPTIMAL_NUMERICAL_MILP,0.0,0.0,0.0,0,unresolved if any retained edge lacks trip_seconds,direct_milp,"conditional sensitivity over a count-closed, core-incident public temporal candidate universe; no hidden-run or partner-recall claim"
radius,8 km,8.0,8.0,,13318,0.5486528796242893,11865,0,121,561,OPTIMAL_NUMERICAL_MILP,0.0,mean_absolute_fare_gap_per_core,dollars,,,,UNCERTIFIED,,,UNRESOLVED_MISSING_PUBLIC_QUERY_VALUES,UNRESOLVED_MISSING_PUBLIC_QUERY_VALUES,,,,210,unresolved if any retained edge lacks fare,direct_milp,"conditional sensitivity over a count-closed, core-incident public temporal candidate universe; no hidden-run or partner-recall claim"
radius,8 km,8.0,8.0,,13318,0.5486528796242893,11865,0,121,561,OPTIMAL_NUMERICAL_MILP,0.0,same_pickup_community_area_fraction_per_core,fraction,0.0,1.0,1.0,CERTIFIED_OPTIMAL_PAIR,,,OPTIMAL_NUMERICAL_MILP,OPTIMAL_NUMERICAL_MILP,0.0,0.0,0.0,0,"missing endpoint area contributes interval [0,1]",direct_milp,"conditional sensitivity over a count-closed, core-incident public temporal candidate universe; no hidden-run or partner-recall claim"
radius,8 km,8.0,8.0,,13318,0.5486528796242893,11865,0,121,561,OPTIMAL_NUMERICAL_MILP,0.0,same_dropoff_community_area_fraction_per_core,fraction,0.0,1.0,1.0,CERTIFIED_OPTIMAL_PAIR,,,OPTIMAL_NUMERICAL_MILP,OPTIMAL_NUMERICAL_MILP,0.0,0.0,0.0,0,"missing endpoint area contributes interval [0,1]",direct_milp,"conditional sensitivity over a count-closed, core-incident public temporal candidate universe; no hidden-run or partner-recall claim"
radius,16 km,16.0,16.0,,18450,0.7600725055615062,11865,0,164,561,OPTIMAL_NUMERICAL_MILP,0.0,mean_absolute_trip_miles_gap_per_core,miles,0.041105000000000044,20.290566666666667,20.249461666666665,CERTIFIED_OPTIMAL_PAIR,,,OPTIMAL_NUMERICAL_MILP,OPTIMAL_NUMERICAL_MILP,0.0,0.0,0.0,0,unresolved if any retained edge lacks trip_miles,direct_milp,"conditional sensitivity over a count-closed, core-incident public temporal candidate universe; no hidden-run or partner-recall claim"
radius,16 km,16.0,16.0,,18450,0.7600725055615062,11865,0,164,561,OPTIMAL_NUMERICAL_MILP,0.0,mean_absolute_duration_gap_per_core,minutes,0.1686111111111111,46.990833333333335,46.82222222222222,CERTIFIED_OPTIMAL_PAIR,,,OPTIMAL_NUMERICAL_MILP,OPTIMAL_NUMERICAL_MILP,0.0,0.0,0.0,0,unresolved if any retained edge lacks trip_seconds,direct_milp,"conditional sensitivity over a count-closed, core-incident public temporal candidate universe; no hidden-run or partner-recall claim"
radius,16 km,16.0,16.0,,18450,0.7600725055615062,11865,0,164,561,OPTIMAL_NUMERICAL_MILP,0.0,mean_absolute_fare_gap_per_core,dollars,,,,UNCERTIFIED,,,UNRESOLVED_MISSING_PUBLIC_QUERY_VALUES,UNRESOLVED_MISSING_PUBLIC_QUERY_VALUES,,,,386,unresolved if any retained edge lacks fare,direct_milp,"conditional sensitivity over a count-closed, core-incident public temporal candidate universe; no hidden-run or partner-recall claim"
radius,16 km,16.0,16.0,,18450,0.7600725055615062,11865,0,164,561,OPTIMAL_NUMERICAL_MILP,0.0,same_pickup_community_area_fraction_per_core,fraction,0.0,1.0,1.0,CERTIFIED_OPTIMAL_PAIR,,,OPTIMAL_NUMERICAL_MILP,OPTIMAL_NUMERICAL_MILP,0.0,0.0,0.0,0,"missing endpoint area contributes interval [0,1]",direct_milp,"conditional sensitivity over a count-closed, core-incident public temporal candidate universe; no hidden-run or partner-recall claim"
radius,16 km,16.0,16.0,,18450,0.7600725055615062,11865,0,164,561,OPTIMAL_NUMERICAL_MILP,0.0,same_dropoff_community_area_fraction_per_core,fraction,0.0,1.0,1.0,CERTIFIED_OPTIMAL_PAIR,,,OPTIMAL_NUMERICAL_MILP,OPTIMAL_NUMERICAL_MILP,0.0,0.0,0.0,0,"missing endpoint area contributes interval [0,1]",direct_milp,"conditional sensitivity over a count-closed, core-incident public temporal candidate universe; no hidden-run or partner-recall claim"
radius,32 km,32.0,32.0,,23838,0.9820383949905248,11865,0,299,586,OPTIMAL_NUMERICAL_MILP,0.0,mean_absolute_trip_miles_gap_per_core,miles,0.031591666666666754,20.297733333333333,20.266141666666666,CERTIFIED_OPTIMAL_PAIR,,,OPTIMAL_NUMERICAL_MILP,OPTIMAL_NUMERICAL_MILP,0.0,0.0,0.0,0,unresolved if any retained edge lacks trip_miles,direct_milp,"conditional sensitivity over a count-closed, core-incident public temporal candidate universe; no hidden-run or partner-recall claim"
radius,32 km,32.0,32.0,,23838,0.9820383949905248,11865,0,299,586,OPTIMAL_NUMERICAL_MILP,0.0,mean_absolute_duration_gap_per_core,minutes,0.11833333333333335,47.060277777777785,46.94194444444445,CERTIFIED_OPTIMAL_PAIR,,,OPTIMAL_NUMERICAL_MILP,OPTIMAL_NUMERICAL_MILP,0.0,0.0,0.0,0,unresolved if any retained edge lacks trip_seconds,direct_milp,"conditional sensitivity over a count-closed, core-incident public temporal candidate universe; no hidden-run or partner-recall claim"
radius,32 km,32.0,32.0,,23838,0.9820383949905248,11865,0,299,586,OPTIMAL_NUMERICAL_MILP,0.0,mean_absolute_fare_gap_per_core,dollars,,,,UNCERTIFIED,,,UNRESOLVED_MISSING_PUBLIC_QUERY_VALUES,UNRESOLVED_MISSING_PUBLIC_QUERY_VALUES,,,,510,unresolved if any retained edge lacks fare,direct_milp,"conditional sensitivity over a count-closed, core-incident public temporal candidate universe; no hidden-run or partner-recall claim"
radius,32 km,32.0,32.0,,23838,0.9820383949905248,11865,0,299,586,OPTIMAL_NUMERICAL_MILP,0.0,same_pickup_community_area_fraction_per_core,fraction,0.0,1.0,1.0,CERTIFIED_OPTIMAL_PAIR,,,OPTIMAL_NUMERICAL_MILP,OPTIMAL_NUMERICAL_MILP,0.0,0.0,0.0,0,"missing endpoint area contributes interval [0,1]",direct_milp,"conditional sensitivity over a count-closed, core-incident public temporal candidate universe; no hidden-run or partner-recall claim"
radius,32 km,32.0,32.0,,23838,0.9820383949905248,11865,0,299,586,OPTIMAL_NUMERICAL_MILP,0.0,same_dropoff_community_area_fraction_per_core,fraction,0.0,1.0,1.0,CERTIFIED_OPTIMAL_PAIR,,,OPTIMAL_NUMERICAL_MILP,OPTIMAL_NUMERICAL_MILP,0.0,0.0,0.0,0,"missing endpoint area contributes interval [0,1]",direct_milp,"conditional sensitivity over a count-closed, core-incident public temporal candidate universe; no hidden-run or partner-recall claim"
radius,temporal-only,,,,24274,1.0,11865,0,308,610,OPTIMAL_NUMERICAL_MILP,0.0,mean_absolute_trip_miles_gap_per_core,miles,0.031591666666666754,20.297733333333333,20.266141666666666,CERTIFIED_OPTIMAL_PAIR,,,OPTIMAL_NUMERICAL_MILP,OPTIMAL_NUMERICAL_MILP,0.0,0.0,0.0,0,unresolved if any retained edge lacks trip_miles,direct_milp,"conditional sensitivity over a count-closed, core-incident public temporal candidate universe; no hidden-run or partner-recall claim"
radius,temporal-only,,,,24274,1.0,11865,0,308,610,OPTIMAL_NUMERICAL_MILP,0.0,mean_absolute_duration_gap_per_core,minutes,0.11833333333333333,47.06027777777778,46.941944444444445,CERTIFIED_OPTIMAL_PAIR,,,OPTIMAL_NUMERICAL_MILP,OPTIMAL_NUMERICAL_MILP,0.0,0.0,0.0,0,unresolved if any retained edge lacks trip_seconds,direct_milp,"conditional sensitivity over a count-closed, core-incident public temporal candidate universe; no hidden-run or partner-recall claim"
radius,temporal-only,,,,24274,1.0,11865,0,308,610,OPTIMAL_NUMERICAL_MILP,0.0,mean_absolute_fare_gap_per_core,dollars,,,,UNCERTIFIED,,,UNRESOLVED_MISSING_PUBLIC_QUERY_VALUES,UNRESOLVED_MISSING_PUBLIC_QUERY_VALUES,,,,512,unresolved if any retained edge lacks fare,direct_milp,"conditional sensitivity over a count-closed, core-incident public temporal candidate universe; no hidden-run or partner-recall claim"
radius,temporal-only,,,,24274,1.0,11865,0,308,610,OPTIMAL_NUMERICAL_MILP,0.0,same_pickup_community_area_fraction_per_core,fraction,0.0,1.0,1.0,CERTIFIED_OPTIMAL_PAIR,,,OPTIMAL_NUMERICAL_MILP,OPTIMAL_NUMERICAL_MILP,0.0,0.0,0.0,0,"missing endpoint area contributes interval [0,1]",direct_milp,"conditional sensitivity over a count-closed, core-incident public temporal candidate universe; no hidden-run or partner-recall claim"
radius,temporal-only,,,,24274,1.0,11865,0,308,610,OPTIMAL_NUMERICAL_MILP,0.0,same_dropoff_community_area_fraction_per_core,fraction,0.0,1.0,1.0,CERTIFIED_OPTIMAL_PAIR,,,OPTIMAL_NUMERICAL_MILP,OPTIMAL_NUMERICAL_MILP,0.0,0.0,0.0,0,"missing endpoint area contributes interval [0,1]",direct_milp,"conditional sensitivity over a count-closed, core-incident public temporal candidate universe; no hidden-run or partner-recall claim"
gamma,0,0.0,2.0,0,24274,1.0,11865,0,308,610,OPTIMAL_NUMERICAL_MILP,0.0,mean_absolute_trip_miles_gap_per_core,miles,0.168685,19.816456666666667,19.647771666666667,CERTIFIED_OPTIMAL_PAIR,,,OPTIMAL_NUMERICAL_MILP,OPTIMAL_NUMERICAL_MILP,0.0,0.0,0.0,0,unresolved if any retained edge lacks trip_miles,canonical_base_radius_identity,"conditional sensitivity over a count-closed, core-incident public temporal candidate universe; no hidden-run or partner-recall claim"
gamma,0,0.0,2.0,0,24274,1.0,11865,0,308,610,OPTIMAL_NUMERICAL_MILP,0.0,mean_absolute_duration_gap_per_core,minutes,0.44722222222222224,45.42333333333333,44.97611111111111,CERTIFIED_OPTIMAL_PAIR,,,OPTIMAL_NUMERICAL_MILP,OPTIMAL_NUMERICAL_MILP,0.0,0.0,0.0,0,unresolved if any retained edge lacks trip_seconds,canonical_base_radius_identity,"conditional sensitivity over a count-closed, core-incident public temporal candidate universe; no hidden-run or partner-recall claim"
gamma,0,0.0,2.0,0,24274,1.0,11865,0,308,610,OPTIMAL_NUMERICAL_MILP,0.0,mean_absolute_fare_gap_per_core,dollars,,,,UNCERTIFIED,,,UNRESOLVED_MISSING_PUBLIC_QUERY_VALUES,UNRESOLVED_MISSING_PUBLIC_QUERY_VALUES,,,,171,unresolved if any retained edge lacks fare,canonical_base_radius_identity,"conditional sensitivity over a count-closed, core-incident public temporal candidate universe; no hidden-run or partner-recall claim"
gamma,0,0.0,2.0,0,24274,1.0,11865,0,308,610,OPTIMAL_NUMERICAL_MILP,0.0,same_pickup_community_area_fraction_per_core,fraction,0.0,1.0,1.0,CERTIFIED_OPTIMAL_PAIR,,,OPTIMAL_NUMERICAL_MILP,OPTIMAL_NUMERICAL_MILP,0.0,0.0,0.0,0,"missing endpoint area contributes interval [0,1]",canonical_base_radius_identity,"conditional sensitivity over a count-closed, core-incident public temporal candidate universe; no hidden-run or partner-recall claim"
gamma,0,0.0,2.0,0,24274,1.0,11865,0,308,610,OPTIMAL_NUMERICAL_MILP,0.0,same_dropoff_community_area_fraction_per_core,fraction,0.0,1.0,1.0,CERTIFIED_OPTIMAL_PAIR,,,OPTIMAL_NUMERICAL_MILP,OPTIMAL_NUMERICAL_MILP,0.0,0.0,0.0,0,"missing endpoint area contributes interval [0,1]",canonical_base_radius_identity,"conditional sensitivity over a count-closed, core-incident public temporal candidate universe; no hidden-run or partner-recall claim"
gamma,1,1.0,2.0,1,24274,1.0,11865,0,308,610,OPTIMAL_NUMERICAL_MILP,0.0,mean_absolute_trip_miles_gap_per_core,miles,0.14025500000000002,19.87788666666667,19.73763166666667,CERTIFIED_OPTIMAL_PAIR,,,OPTIMAL_NUMERICAL_MILP,OPTIMAL_NUMERICAL_MILP,0.0,0.0,0.0,0,unresolved if any retained edge lacks trip_miles,direct_milp,"conditional sensitivity over a count-closed, core-incident public temporal candidate universe; no hidden-run or partner-recall claim"
gamma,1,1.0,2.0,1,24274,1.0,11865,0,308,610,OPTIMAL_NUMERICAL_MILP,0.0,mean_absolute_duration_gap_per_core,minutes,0.375,45.626666666666665,45.251666666666665,CERTIFIED_OPTIMAL_PAIR,,,OPTIMAL_NUMERICAL_MILP,OPTIMAL_NUMERICAL_MILP,0.0,0.0,0.0,0,unresolved if any retained edge lacks trip_seconds,direct_milp,"conditional sensitivity over a count-closed, core-incident public temporal candidate universe; no hidden-run or partner-recall claim"
gamma,1,1.0,2.0,1,24274,1.0,11865,0,308,610,OPTIMAL_NUMERICAL_MILP,0.0,mean_absolute_fare_gap_per_core,dollars,,,,UNCERTIFIED,,,UNRESOLVED_MISSING_PUBLIC_QUERY_VALUES,UNRESOLVED_MISSING_PUBLIC_QUERY_VALUES,,,,468,unresolved if any retained edge lacks fare,direct_milp,"conditional sensitivity over a count-closed, core-incident public temporal candidate universe; no hidden-run or partner-recall claim"
gamma,1,1.0,2.0,1,24274,1.0,11865,0,308,610,OPTIMAL_NUMERICAL_MILP,0.0,same_pickup_community_area_fraction_per_core,fraction,0.0,1.0,1.0,CERTIFIED_OPTIMAL_PAIR,,,OPTIMAL_NUMERICAL_MILP,OPTIMAL_NUMERICAL_MILP,0.0,0.0,0.0,0,"missing endpoint area contributes interval [0,1]",direct_milp,"conditional sensitivity over a count-closed, core-incident public temporal candidate universe; no hidden-run or partner-recall claim"
gamma,1,1.0,2.0,1,24274,1.0,11865,0,308,610,OPTIMAL_NUMERICAL_MILP,0.0,same_dropoff_community_area_fraction_per_core,fraction,0.0,1.0,1.0,CERTIFIED_OPTIMAL_PAIR,,,OPTIMAL_NUMERICAL_MILP,OPTIMAL_NUMERICAL_MILP,0.0,0.0,0.0,0,"missing endpoint area contributes interval [0,1]",direct_milp,"conditional sensitivity over a count-closed, core-incident public temporal candidate universe; no hidden-run or partner-recall claim"
gamma,2,2.0,2.0,2,24274,1.0,11865,0,308,610,OPTIMAL_NUMERICAL_MILP,0.0,mean_absolute_trip_miles_gap_per_core,miles,0.11968166666666667,19.936906666666665,19.817225,CERTIFIED_OPTIMAL_PAIR,,,OPTIMAL_NUMERICAL_MILP,OPTIMAL_NUMERICAL_MILP,0.0,0.0,0.0,0,unresolved if any retained edge lacks trip_miles,direct_milp,"conditional sensitivity over a count-closed, core-incident public temporal candidate universe; no hidden-run or partner-recall claim"
gamma,2,2.0,2.0,2,24274,1.0,11865,0,308,610,OPTIMAL_NUMERICAL_MILP,0.0,mean_absolute_duration_gap_per_core,minutes,0.3255555555555556,45.81388888888888,45.48833333333333,CERTIFIED_OPTIMAL_PAIR,,,OPTIMAL_NUMERICAL_MILP,OPTIMAL_NUMERICAL_MILP,0.0,0.0,0.0,0,unresolved if any retained edge lacks trip_seconds,direct_milp,"conditional sensitivity over a count-closed, core-incident public temporal candidate universe; no hidden-run or partner-recall claim"
gamma,2,2.0,2.0,2,24274,1.0,11865,0,308,610,OPTIMAL_NUMERICAL_MILP,0.0,mean_absolute_fare_gap_per_core,dollars,,,,UNCERTIFIED,,,UNRESOLVED_MISSING_PUBLIC_QUERY_VALUES,UNRESOLVED_MISSING_PUBLIC_QUERY_VALUES,,,,512,unresolved if any retained edge lacks fare,direct_milp,"conditional sensitivity over a count-closed, core-incident public temporal candidate universe; no hidden-run or partner-recall claim"
gamma,2,2.0,2.0,2,24274,1.0,11865,0,308,610,OPTIMAL_NUMERICAL_MILP,0.0,same_pickup_community_area_fraction_per_core,fraction,0.0,1.0,1.0,CERTIFIED_OPTIMAL_PAIR,,,OPTIMAL_NUMERICAL_MILP,OPTIMAL_NUMERICAL_MILP,0.0,0.0,0.0,0,"missing endpoint area contributes interval [0,1]",direct_milp,"conditional sensitivity over a count-closed, core-incident public temporal candidate universe; no hidden-run or partner-recall claim"
gamma,2,2.0,2.0,2,24274,1.0,11865,0,308,610,OPTIMAL_NUMERICAL_MILP,0.0,same_dropoff_community_area_fraction_per_core,fraction,0.0,1.0,1.0,CERTIFIED_OPTIMAL_PAIR,,,OPTIMAL_NUMERICAL_MILP,OPTIMAL_NUMERICAL_MILP,0.0,0.0,0.0,0,"missing endpoint area contributes interval [0,1]",direct_milp,"conditional sensitivity over a count-closed, core-incident public temporal candidate universe; no hidden-run or partner-recall claim"
gamma,4,4.0,2.0,4,24274,1.0,11865,0,308,610,OPTIMAL_NUMERICAL_MILP,0.0,mean_absolute_trip_miles_gap_per_core,miles,0.09582,20.049713333333333,19.953893333333333,CERTIFIED_OPTIMAL_PAIR,,,OPTIMAL_NUMERICAL_MILP,OPTIMAL_NUMERICAL_MILP,0.0,0.0,0.0,0,unresolved if any retained edge lacks trip_miles,direct_milp,"conditional sensitivity over a count-closed, core-incident public temporal candidate universe; no hidden-run or partner-recall claim"
gamma,4,4.0,2.0,4,24274,1.0,11865,0,308,610,OPTIMAL_NUMERICAL_MILP,0.0,mean_absolute_duration_gap_per_core,minutes,0.2611111111111111,46.13055555555555,45.86944444444444,CERTIFIED_OPTIMAL_PAIR,,,OPTIMAL_NUMERICAL_MILP,OPTIMAL_NUMERICAL_MILP,0.0,0.0,0.0,0,unresolved if any retained edge lacks trip_seconds,direct_milp,"conditional sensitivity over a count-closed, core-incident public temporal candidate universe; no hidden-run or partner-recall claim"
gamma,4,4.0,2.0,4,24274,1.0,11865,0,308,610,OPTIMAL_NUMERICAL_MILP,0.0,mean_absolute_fare_gap_per_core,dollars,,,,UNCERTIFIED,,,UNRESOLVED_MISSING_PUBLIC_QUERY_VALUES,UNRESOLVED_MISSING_PUBLIC_QUERY_VALUES,,,,512,unresolved if any retained edge lacks fare,direct_milp,"conditional sensitivity over a count-closed, core-incident public temporal candidate universe; no hidden-run or partner-recall claim"
gamma,4,4.0,2.0,4,24274,1.0,11865,0,308,610,OPTIMAL_NUMERICAL_MILP,0.0,same_pickup_community_area_fraction_per_core,fraction,0.0,1.0,1.0,CERTIFIED_OPTIMAL_PAIR,,,OPTIMAL_NUMERICAL_MILP,OPTIMAL_NUMERICAL_MILP,0.0,0.0,0.0,0,"missing endpoint area contributes interval [0,1]",direct_milp,"conditional sensitivity over a count-closed, core-incident public temporal candidate universe; no hidden-run or partner-recall claim"
gamma,4,4.0,2.0,4,24274,1.0,11865,0,308,610,OPTIMAL_NUMERICAL_MILP,0.0,same_dropoff_community_area_fraction_per_core,fraction,0.0,1.0,1.0,CERTIFIED_OPTIMAL_PAIR,,,OPTIMAL_NUMERICAL_MILP,OPTIMAL_NUMERICAL_MILP,0.0,0.0,0.0,0,"missing endpoint area contributes interval [0,1]",direct_milp,"conditional sensitivity over a count-closed, core-incident public temporal candidate universe; no hidden-run or partner-recall claim"
gamma,8,8.0,2.0,8,24274,1.0,11865,0,308,610,OPTIMAL_NUMERICAL_MILP,0.0,mean_absolute_trip_miles_gap_per_core,miles,0.06860166666666667,20.222076666666666,20.153475,CERTIFIED_OPTIMAL_PAIR,,,OPTIMAL_NUMERICAL_MILP,OPTIMAL_NUMERICAL_MILP,0.0,0.0,0.0,0,unresolved if any retained edge lacks trip_miles,direct_milp,"conditional sensitivity over a count-closed, core-incident public temporal candidate universe; no hidden-run or partner-recall claim"
gamma,8,8.0,2.0,8,24274,1.0,11865,0,308,610,OPTIMAL_NUMERICAL_MILP,0.0,mean_absolute_duration_gap_per_core,minutes,0.20694444444444443,46.611111111111114,46.40416666666667,CERTIFIED_OPTIMAL_PAIR,,,OPTIMAL_NUMERICAL_MILP,OPTIMAL_NUMERICAL_MILP,0.0,0.0,0.0,0,unresolved if any retained edge lacks trip_seconds,direct_milp,"conditional sensitivity over a count-closed, core-incident public temporal candidate universe; no hidden-run or partner-recall claim"
gamma,8,8.0,2.0,8,24274,1.0,11865,0,308,610,OPTIMAL_NUMERICAL_MILP,0.0,mean_absolute_fare_gap_per_core,dollars,,,,UNCERTIFIED,,,UNRESOLVED_MISSING_PUBLIC_QUERY_VALUES,UNRESOLVED_MISSING_PUBLIC_QUERY_VALUES,,,,512,unresolved if any retained edge lacks fare,direct_milp,"conditional sensitivity over a count-closed, core-incident public temporal candidate universe; no hidden-run or partner-recall claim"
gamma,8,8.0,2.0,8,24274,1.0,11865,0,308,610,OPTIMAL_NUMERICAL_MILP,0.0,same_pickup_community_area_fraction_per_core,fraction,0.0,1.0,1.0,CERTIFIED_OPTIMAL_PAIR,,,OPTIMAL_NUMERICAL_MILP,OPTIMAL_NUMERICAL_MILP,0.0,0.0,0.0,0,"missing endpoint area contributes interval [0,1]",direct_milp,"conditional sensitivity over a count-closed, core-incident public temporal candidate universe; no hidden-run or partner-recall claim"
gamma,8,8.0,2.0,8,24274,1.0,11865,0,308,610,OPTIMAL_NUMERICAL_MILP,0.0,same_dropoff_community_area_fraction_per_core,fraction,0.0,1.0,1.0,CERTIFIED_OPTIMAL_PAIR,,,OPTIMAL_NUMERICAL_MILP,OPTIMAL_NUMERICAL_MILP,0.0,0.0,0.0,0,"missing endpoint area contributes interval [0,1]",direct_milp,"conditional sensitivity over a count-closed, core-incident public temporal candidate universe; no hidden-run or partner-recall claim"
gamma,15,15.0,2.0,15,24274,1.0,11865,0,308,610,OPTIMAL_NUMERICAL_MILP,0.0,mean_absolute_trip_miles_gap_per_core,miles,0.045793333333333464,20.297733333333333,20.25194,CERTIFIED_OPTIMAL_PAIR,,,OPTIMAL_NUMERICAL_MILP,OPTIMAL_NUMERICAL_MILP,0.0,0.0,0.0,0,unresolved if any retained edge lacks trip_miles,direct_milp,"conditional sensitivity over a count-closed, core-incident public temporal candidate universe; no hidden-run or partner-recall claim"
gamma,15,15.0,2.0,15,24274,1.0,11865,0,308,610,OPTIMAL_NUMERICAL_MILP,0.0,mean_absolute_duration_gap_per_core,minutes,0.16083333333333333,47.04666666666667,46.88583333333333,CERTIFIED_OPTIMAL_PAIR,,,OPTIMAL_NUMERICAL_MILP,OPTIMAL_NUMERICAL_MILP,0.0,0.0,0.0,0,unresolved if any retained edge lacks trip_seconds,direct_milp,"conditional sensitivity over a count-closed, core-incident public temporal candidate universe; no hidden-run or partner-recall claim"
gamma,15,15.0,2.0,15,24274,1.0,11865,0,308,610,OPTIMAL_NUMERICAL_MILP,0.0,mean_absolute_fare_gap_per_core,dollars,,,,UNCERTIFIED,,,UNRESOLVED_MISSING_PUBLIC_QUERY_VALUES,UNRESOLVED_MISSING_PUBLIC_QUERY_VALUES,,,,512,unresolved if any retained edge lacks fare,direct_milp,"conditional sensitivity over a count-closed, core-incident public temporal candidate universe; no hidden-run or partner-recall claim"
gamma,15,15.0,2.0,15,24274,1.0,11865,0,308,610,OPTIMAL_NUMERICAL_MILP,0.0,same_pickup_community_area_fraction_per_core,fraction,0.0,1.0,1.0,CERTIFIED_OPTIMAL_PAIR,,,OPTIMAL_NUMERICAL_MILP,OPTIMAL_NUMERICAL_MILP,0.0,0.0,0.0,0,"missing endpoint area contributes interval [0,1]",direct_milp,"conditional sensitivity over a count-closed, core-incident public temporal candidate universe; no hidden-run or partner-recall claim"
gamma,15,15.0,2.0,15,24274,1.0,11865,0,308,610,OPTIMAL_NUMERICAL_MILP,0.0,same_dropoff_community_area_fraction_per_core,fraction,0.0,1.0,1.0,CERTIFIED_OPTIMAL_PAIR,,,OPTIMAL_NUMERICAL_MILP,OPTIMAL_NUMERICAL_MILP,0.0,0.0,0.0,0,"missing endpoint area contributes interval [0,1]",direct_milp,"conditional sensitivity over a count-closed, core-incident public temporal candidate universe; no hidden-run or partner-recall claim"
gamma,16,16.0,2.0,16,24274,1.0,11865,0,308,610,OPTIMAL_NUMERICAL_MILP,0.0,mean_absolute_trip_miles_gap_per_core,miles,0.043555000000000135,20.297733333333333,20.254178333333332,CERTIFIED_OPTIMAL_PAIR,,,OPTIMAL_NUMERICAL_MILP,OPTIMAL_NUMERICAL_MILP,0.0,0.0,0.0,0,unresolved if any retained edge lacks trip_miles,direct_milp,"conditional sensitivity over a count-closed, core-incident public temporal candidate universe; no hidden-run or partner-recall claim"
gamma,16,16.0,2.0,16,24274,1.0,11865,0,308,610,OPTIMAL_NUMERICAL_MILP,0.0,mean_absolute_duration_gap_per_core,minutes,0.15611111111111112,47.0575,46.90138888888889,CERTIFIED_OPTIMAL_PAIR,,,OPTIMAL_NUMERICAL_MILP,OPTIMAL_NUMERICAL_MILP,0.0,0.0,0.0,0,unresolved if any retained edge lacks trip_seconds,direct_milp,"conditional sensitivity over a count-closed, core-incident public temporal candidate universe; no hidden-run or partner-recall claim"
gamma,16,16.0,2.0,16,24274,1.0,11865,0,308,610,OPTIMAL_NUMERICAL_MILP,0.0,mean_absolute_fare_gap_per_core,dollars,,,,UNCERTIFIED,,,UNRESOLVED_MISSING_PUBLIC_QUERY_VALUES,UNRESOLVED_MISSING_PUBLIC_QUERY_VALUES,,,,512,unresolved if any retained edge lacks fare,direct_milp,"conditional sensitivity over a count-closed, core-incident public temporal candidate universe; no hidden-run or partner-recall claim"
gamma,16,16.0,2.0,16,24274,1.0,11865,0,308,610,OPTIMAL_NUMERICAL_MILP,0.0,same_pickup_community_area_fraction_per_core,fraction,0.0,1.0,1.0,CERTIFIED_OPTIMAL_PAIR,,,OPTIMAL_NUMERICAL_MILP,OPTIMAL_NUMERICAL_MILP,0.0,0.0,0.0,0,"missing endpoint area contributes interval [0,1]",direct_milp,"conditional sensitivity over a count-closed, core-incident public temporal candidate universe; no hidden-run or partner-recall claim"
gamma,16,16.0,2.0,16,24274,1.0,11865,0,308,610,OPTIMAL_NUMERICAL_MILP,0.0,same_dropoff_community_area_fraction_per_core,fraction,0.0,1.0,1.0,CERTIFIED_OPTIMAL_PAIR,,,OPTIMAL_NUMERICAL_MILP,OPTIMAL_NUMERICAL_MILP,0.0,0.0,0.0,0,"missing endpoint area contributes interval [0,1]",direct_milp,"conditional sensitivity over a count-closed, core-incident public temporal candidate universe; no hidden-run or partner-recall claim"
gamma,30,30.0,2.0,30,24274,1.0,11865,0,308,610,OPTIMAL_NUMERICAL_MILP,0.0,mean_absolute_trip_miles_gap_per_core,miles,0.031705000000000094,20.297733333333333,20.266028333333335,CERTIFIED_OPTIMAL_PAIR,,,OPTIMAL_NUMERICAL_MILP,OPTIMAL_NUMERICAL_MILP,0.0,0.0,0.0,0,unresolved if any retained edge lacks trip_miles,direct_milp,"conditional sensitivity over a count-closed, core-incident public temporal candidate universe; no hidden-run or partner-recall claim"
gamma,30,30.0,2.0,30,24274,1.0,11865,0,308,610,OPTIMAL_NUMERICAL_MILP,0.0,mean_absolute_duration_gap_per_core,minutes,0.11944444444444445,47.060277777777785,46.94083333333334,CERTIFIED_OPTIMAL_PAIR,,,OPTIMAL_NUMERICAL_MILP,OPTIMAL_NUMERICAL_MILP,0.0,0.0,0.0,0,unresolved if any retained edge lacks trip_seconds,direct_milp,"conditional sensitivity over a count-closed, core-incident public temporal candidate universe; no hidden-run or partner-recall claim"
gamma,30,30.0,2.0,30,24274,1.0,11865,0,308,610,OPTIMAL_NUMERICAL_MILP,0.0,mean_absolute_fare_gap_per_core,dollars,,,,UNCERTIFIED,,,UNRESOLVED_MISSING_PUBLIC_QUERY_VALUES,UNRESOLVED_MISSING_PUBLIC_QUERY_VALUES,,,,512,unresolved if any retained edge lacks fare,direct_milp,"conditional sensitivity over a count-closed, core-incident public temporal candidate universe; no hidden-run or partner-recall claim"
gamma,30,30.0,2.0,30,24274,1.0,11865,0,308,610,OPTIMAL_NUMERICAL_MILP,0.0,same_pickup_community_area_fraction_per_core,fraction,0.0,1.0,1.0,CERTIFIED_OPTIMAL_PAIR,,,OPTIMAL_NUMERICAL_MILP,OPTIMAL_NUMERICAL_MILP,0.0,0.0,0.0,0,"missing endpoint area contributes interval [0,1]",direct_milp,"conditional sensitivity over a count-closed, core-incident public temporal candidate universe; no hidden-run or partner-recall claim"
gamma,30,30.0,2.0,30,24274,1.0,11865,0,308,610,OPTIMAL_NUMERICAL_MILP,0.0,same_dropoff_community_area_fraction_per_core,fraction,0.0,1.0,1.0,CERTIFIED_OPTIMAL_PAIR,,,OPTIMAL_NUMERICAL_MILP,OPTIMAL_NUMERICAL_MILP,0.0,0.0,0.0,0,"missing endpoint area contributes interval [0,1]",direct_milp,"conditional sensitivity over a count-closed, core-incident public temporal candidate universe; no hidden-run or partner-recall claim"
gamma,60,60.0,2.0,60,24274,1.0,11865,0,308,610,OPTIMAL_NUMERICAL_MILP,0.0,mean_absolute_trip_miles_gap_per_core,miles,0.031591666666666754,20.297733333333333,20.266141666666666,CERTIFIED_OPTIMAL_PAIR,,,OPTIMAL_NUMERICAL_MILP,OPTIMAL_NUMERICAL_MILP,0.0,0.0,0.0,0,unresolved if any retained edge lacks trip_miles,canonical_temporal_only_identity,"conditional sensitivity over a count-closed, core-incident public temporal candidate universe; no hidden-run or partner-recall claim"
gamma,60,60.0,2.0,60,24274,1.0,11865,0,308,610,OPTIMAL_NUMERICAL_MILP,0.0,mean_absolute_duration_gap_per_core,minutes,0.11833333333333333,47.06027777777778,46.941944444444445,CERTIFIED_OPTIMAL_PAIR,,,OPTIMAL_NUMERICAL_MILP,OPTIMAL_NUMERICAL_MILP,0.0,0.0,0.0,0,unresolved if any retained edge lacks trip_seconds,canonical_temporal_only_identity,"conditional sensitivity over a count-closed, core-incident public temporal candidate universe; no hidden-run or partner-recall claim"
gamma,60,60.0,2.0,60,24274,1.0,11865,0,308,610,OPTIMAL_NUMERICAL_MILP,0.0,mean_absolute_fare_gap_per_core,dollars,,,,UNCERTIFIED,,,UNRESOLVED_MISSING_PUBLIC_QUERY_VALUES,UNRESOLVED_MISSING_PUBLIC_QUERY_VALUES,,,,512,unresolved if any retained edge lacks fare,canonical_temporal_only_identity,"conditional sensitivity over a count-closed, core-incident public temporal candidate universe; no hidden-run or partner-recall claim"
gamma,60,60.0,2.0,60,24274,1.0,11865,0,308,610,OPTIMAL_NUMERICAL_MILP,0.0,same_pickup_community_area_fraction_per_core,fraction,0.0,1.0,1.0,CERTIFIED_OPTIMAL_PAIR,,,OPTIMAL_NUMERICAL_MILP,OPTIMAL_NUMERICAL_MILP,0.0,0.0,0.0,0,"missing endpoint area contributes interval [0,1]",canonical_temporal_only_identity,"conditional sensitivity over a count-closed, core-incident public temporal candidate universe; no hidden-run or partner-recall claim"
gamma,60,60.0,2.0,60,24274,1.0,11865,0,308,610,OPTIMAL_NUMERICAL_MILP,0.0,same_dropoff_community_area_fraction_per_core,fraction,0.0,1.0,1.0,CERTIFIED_OPTIMAL_PAIR,,,OPTIMAL_NUMERICAL_MILP,OPTIMAL_NUMERICAL_MILP,0.0,0.0,0.0,0,"missing endpoint area contributes interval [0,1]",canonical_temporal_only_identity,"conditional sensitivity over a count-closed, core-incident public temporal candidate universe; no hidden-run or partner-recall claim"
buffer_padding,0 min,0.0,,,21645,0.891694817500206,10666,0,265,518,OPTIMAL_NUMERICAL_MILP,0.0,mean_absolute_trip_miles_gap_per_core,miles,0.03430333333333341,20.193440000000002,20.15913666666667,CERTIFIED_OPTIMAL_PAIR,,,OPTIMAL_NUMERICAL_MILP,OPTIMAL_NUMERICAL_MILP,0.0,0.0,0.0,0,unresolved if any retained edge lacks trip_miles,direct_milp,"conditional sensitivity over a count-closed, core-incident public temporal candidate universe; no hidden-run or partner-recall claim"
buffer_padding,0 min,0.0,,,21645,0.891694817500206,10666,0,265,518,OPTIMAL_NUMERICAL_MILP,0.0,mean_absolute_duration_gap_per_core,minutes,0.12611111111111112,46.59583333333333,46.469722222222224,CERTIFIED_OPTIMAL_PAIR,,,OPTIMAL_NUMERICAL_MILP,OPTIMAL_NUMERICAL_MILP,0.0,0.0,0.0,0,unresolved if any retained edge lacks trip_seconds,direct_milp,"conditional sensitivity over a count-closed, core-incident public temporal candidate universe; no hidden-run or partner-recall claim"
buffer_padding,0 min,0.0,,,21645,0.891694817500206,10666,0,265,518,OPTIMAL_NUMERICAL_MILP,0.0,mean_absolute_fare_gap_per_core,dollars,,,,UNCERTIFIED,,,UNRESOLVED_MISSING_PUBLIC_QUERY_VALUES,UNRESOLVED_MISSING_PUBLIC_QUERY_VALUES,,,,467,unresolved if any retained edge lacks fare,direct_milp,"conditional sensitivity over a count-closed, core-incident public temporal candidate universe; no hidden-run or partner-recall claim"
buffer_padding,0 min,0.0,,,21645,0.891694817500206,10666,0,265,518,OPTIMAL_NUMERICAL_MILP,0.0,same_pickup_community_area_fraction_per_core,fraction,0.0,1.0,1.0,CERTIFIED_OPTIMAL_PAIR,,,OPTIMAL_NUMERICAL_MILP,OPTIMAL_NUMERICAL_MILP,0.0,0.0,0.0,0,"missing endpoint area contributes interval [0,1]",direct_milp,"conditional sensitivity over a count-closed, core-incident public temporal candidate universe; no hidden-run or partner-recall claim"
buffer_padding,0 min,0.0,,,21645,0.891694817500206,10666,0,265,518,OPTIMAL_NUMERICAL_MILP,0.0,same_dropoff_community_area_fraction_per_core,fraction,0.0,1.0,1.0,CERTIFIED_OPTIMAL_PAIR,,,OPTIMAL_NUMERICAL_MILP,OPTIMAL_NUMERICAL_MILP,0.0,0.0,0.0,0,"missing endpoint area contributes interval [0,1]",direct_milp,"conditional sensitivity over a count-closed, core-incident public temporal candidate universe; no hidden-run or partner-recall claim"
buffer_padding,5 min,5.0,,,21645,0.891694817500206,10666,0,265,518,OPTIMAL_NUMERICAL_MILP,0.0,mean_absolute_trip_miles_gap_per_core,miles,0.03430333333333341,20.193440000000002,20.15913666666667,CERTIFIED_OPTIMAL_PAIR,,,OPTIMAL_NUMERICAL_MILP,OPTIMAL_NUMERICAL_MILP,0.0,0.0,0.0,0,unresolved if any retained edge lacks trip_miles,direct_milp,"conditional sensitivity over a count-closed, core-incident public temporal candidate universe; no hidden-run or partner-recall claim"
buffer_padding,5 min,5.0,,,21645,0.891694817500206,10666,0,265,518,OPTIMAL_NUMERICAL_MILP,0.0,mean_absolute_duration_gap_per_core,minutes,0.12611111111111112,46.59583333333333,46.469722222222224,CERTIFIED_OPTIMAL_PAIR,,,OPTIMAL_NUMERICAL_MILP,OPTIMAL_NUMERICAL_MILP,0.0,0.0,0.0,0,unresolved if any retained edge lacks trip_seconds,direct_milp,"conditional sensitivity over a count-closed, core-incident public temporal candidate universe; no hidden-run or partner-recall claim"
buffer_padding,5 min,5.0,,,21645,0.891694817500206,10666,0,265,518,OPTIMAL_NUMERICAL_MILP,0.0,mean_absolute_fare_gap_per_core,dollars,,,,UNCERTIFIED,,,UNRESOLVED_MISSING_PUBLIC_QUERY_VALUES,UNRESOLVED_MISSING_PUBLIC_QUERY_VALUES,,,,467,unresolved if any retained edge lacks fare,direct_milp,"conditional sensitivity over a count-closed, core-incident public temporal candidate universe; no hidden-run or partner-recall claim"
buffer_padding,5 min,5.0,,,21645,0.891694817500206,10666,0,265,518,OPTIMAL_NUMERICAL_MILP,0.0,same_pickup_community_area_fraction_per_core,fraction,0.0,1.0,1.0,CERTIFIED_OPTIMAL_PAIR,,,OPTIMAL_NUMERICAL_MILP,OPTIMAL_NUMERICAL_MILP,0.0,0.0,0.0,0,"missing endpoint area contributes interval [0,1]",direct_milp,"conditional sensitivity over a count-closed, core-incident public temporal candidate universe; no hidden-run or partner-recall claim"
buffer_padding,5 min,5.0,,,21645,0.891694817500206,10666,0,265,518,OPTIMAL_NUMERICAL_MILP,0.0,same_dropoff_community_area_fraction_per_core,fraction,0.0,1.0,1.0,CERTIFIED_OPTIMAL_PAIR,,,OPTIMAL_NUMERICAL_MILP,OPTIMAL_NUMERICAL_MILP,0.0,0.0,0.0,0,"missing endpoint area contributes interval [0,1]",direct_milp,"conditional sensitivity over a count-closed, core-incident public temporal candidate universe; no hidden-run or partner-recall claim"
buffer_padding,10 min,10.0,,,21645,0.891694817500206,10666,0,265,518,OPTIMAL_NUMERICAL_MILP,0.0,mean_absolute_trip_miles_gap_per_core,miles,0.03430333333333341,20.193440000000002,20.15913666666667,CERTIFIED_OPTIMAL_PAIR,,,OPTIMAL_NUMERICAL_MILP,OPTIMAL_NUMERICAL_MILP,0.0,0.0,0.0,0,unresolved if any retained edge lacks trip_miles,direct_milp,"conditional sensitivity over a count-closed, core-incident public temporal candidate universe; no hidden-run or partner-recall claim"
buffer_padding,10 min,10.0,,,21645,0.891694817500206,10666,0,265,518,OPTIMAL_NUMERICAL_MILP,0.0,mean_absolute_duration_gap_per_core,minutes,0.12611111111111112,46.59583333333333,46.469722222222224,CERTIFIED_OPTIMAL_PAIR,,,OPTIMAL_NUMERICAL_MILP,OPTIMAL_NUMERICAL_MILP,0.0,0.0,0.0,0,unresolved if any retained edge lacks trip_seconds,direct_milp,"conditional sensitivity over a count-closed, core-incident public temporal candidate universe; no hidden-run or partner-recall claim"
buffer_padding,10 min,10.0,,,21645,0.891694817500206,10666,0,265,518,OPTIMAL_NUMERICAL_MILP,0.0,mean_absolute_fare_gap_per_core,dollars,,,,UNCERTIFIED,,,UNRESOLVED_MISSING_PUBLIC_QUERY_VALUES,UNRESOLVED_MISSING_PUBLIC_QUERY_VALUES,,,,467,unresolved if any retained edge lacks fare,direct_milp,"conditional sensitivity over a count-closed, core-incident public temporal candidate universe; no hidden-run or partner-recall claim"
buffer_padding,10 min,10.0,,,21645,0.891694817500206,10666,0,265,518,OPTIMAL_NUMERICAL_MILP,0.0,same_pickup_community_area_fraction_per_core,fraction,0.0,1.0,1.0,CERTIFIED_OPTIMAL_PAIR,,,OPTIMAL_NUMERICAL_MILP,OPTIMAL_NUMERICAL_MILP,0.0,0.0,0.0,0,"missing endpoint area contributes interval [0,1]",direct_milp,"conditional sensitivity over a count-closed, core-incident public temporal candidate universe; no hidden-run or partner-recall claim"
buffer_padding,10 min,10.0,,,21645,0.891694817500206,10666,0,265,518,OPTIMAL_NUMERICAL_MILP,0.0,same_dropoff_community_area_fraction_per_core,fraction,0.0,1.0,1.0,CERTIFIED_OPTIMAL_PAIR,,,OPTIMAL_NUMERICAL_MILP,OPTIMAL_NUMERICAL_MILP,0.0,0.0,0.0,0,"missing endpoint area contributes interval [0,1]",direct_milp,"conditional sensitivity over a count-closed, core-incident public temporal candidate universe; no hidden-run or partner-recall claim"
buffer_padding,15 min,15.0,,,24274,1.0,11865,0,308,610,OPTIMAL_NUMERICAL_MILP,0.0,mean_absolute_trip_miles_gap_per_core,miles,0.031591666666666754,20.297733333333333,20.266141666666666,CERTIFIED_OPTIMAL_PAIR,,,OPTIMAL_NUMERICAL_MILP,OPTIMAL_NUMERICAL_MILP,0.0,0.0,0.0,0,unresolved if any retained edge lacks trip_miles,direct_milp,"conditional sensitivity over a count-closed, core-incident public temporal candidate universe; no hidden-run or partner-recall claim"
buffer_padding,15 min,15.0,,,24274,1.0,11865,0,308,610,OPTIMAL_NUMERICAL_MILP,0.0,mean_absolute_duration_gap_per_core,minutes,0.11833333333333333,47.06027777777778,46.941944444444445,CERTIFIED_OPTIMAL_PAIR,,,OPTIMAL_NUMERICAL_MILP,OPTIMAL_NUMERICAL_MILP,0.0,0.0,0.0,0,unresolved if any retained edge lacks trip_seconds,direct_milp,"conditional sensitivity over a count-closed, core-incident public temporal candidate universe; no hidden-run or partner-recall claim"
buffer_padding,15 min,15.0,,,24274,1.0,11865,0,308,610,OPTIMAL_NUMERICAL_MILP,0.0,mean_absolute_fare_gap_per_core,dollars,,,,UNCERTIFIED,,,UNRESOLVED_MISSING_PUBLIC_QUERY_VALUES,UNRESOLVED_MISSING_PUBLIC_QUERY_VALUES,,,,512,unresolved if any retained edge lacks fare,direct_milp,"conditional sensitivity over a count-closed, core-incident public temporal candidate universe; no hidden-run or partner-recall claim"
buffer_padding,15 min,15.0,,,24274,1.0,11865,0,308,610,OPTIMAL_NUMERICAL_MILP,0.0,same_pickup_community_area_fraction_per_core,fraction,0.0,1.0,1.0,CERTIFIED_OPTIMAL_PAIR,,,OPTIMAL_NUMERICAL_MILP,OPTIMAL_NUMERICAL_MILP,0.0,0.0,0.0,0,"missing endpoint area contributes interval [0,1]",direct_milp,"conditional sensitivity over a count-closed, core-incident public temporal candidate universe; no hidden-run or partner-recall claim"
buffer_padding,15 min,15.0,,,24274,1.0,11865,0,308,610,OPTIMAL_NUMERICAL_MILP,0.0,same_dropoff_community_area_fraction_per_core,fraction,0.0,1.0,1.0,CERTIFIED_OPTIMAL_PAIR,,,OPTIMAL_NUMERICAL_MILP,OPTIMAL_NUMERICAL_MILP,0.0,0.0,0.0,0,"missing endpoint area contributes interval [0,1]",direct_milp,"conditional sensitivity over a count-closed, core-incident public temporal candidate universe; no hidden-run or partner-recall claim"
buffer_padding,30 min,30.0,,,24274,1.0,11865,0,308,610,OPTIMAL_NUMERICAL_MILP,0.0,mean_absolute_trip_miles_gap_per_core,miles,0.031591666666666754,20.297733333333333,20.266141666666666,CERTIFIED_OPTIMAL_PAIR,,,OPTIMAL_NUMERICAL_MILP,OPTIMAL_NUMERICAL_MILP,0.0,0.0,0.0,0,unresolved if any retained edge lacks trip_miles,canonical_complete_boundary_identity,"conditional sensitivity over a count-closed, core-incident public temporal candidate universe; no hidden-run or partner-recall claim"
buffer_padding,30 min,30.0,,,24274,1.0,11865,0,308,610,OPTIMAL_NUMERICAL_MILP,0.0,mean_absolute_duration_gap_per_core,minutes,0.11833333333333333,47.06027777777778,46.941944444444445,CERTIFIED_OPTIMAL_PAIR,,,OPTIMAL_NUMERICAL_MILP,OPTIMAL_NUMERICAL_MILP,0.0,0.0,0.0,0,unresolved if any retained edge lacks trip_seconds,canonical_complete_boundary_identity,"conditional sensitivity over a count-closed, core-incident public temporal candidate universe; no hidden-run or partner-recall claim"
buffer_padding,30 min,30.0,,,24274,1.0,11865,0,308,610,OPTIMAL_NUMERICAL_MILP,0.0,mean_absolute_fare_gap_per_core,dollars,,,,UNCERTIFIED,,,UNRESOLVED_MISSING_PUBLIC_QUERY_VALUES,UNRESOLVED_MISSING_PUBLIC_QUERY_VALUES,,,,512,unresolved if any retained edge lacks fare,canonical_complete_boundary_identity,"conditional sensitivity over a count-closed, core-incident public temporal candidate universe; no hidden-run or partner-recall claim"
buffer_padding,30 min,30.0,,,24274,1.0,11865,0,308,610,OPTIMAL_NUMERICAL_MILP,0.0,same_pickup_community_area_fraction_per_core,fraction,0.0,1.0,1.0,CERTIFIED_OPTIMAL_PAIR,,,OPTIMAL_NUMERICAL_MILP,OPTIMAL_NUMERICAL_MILP,0.0,0.0,0.0,0,"missing endpoint area contributes interval [0,1]",canonical_complete_boundary_identity,"conditional sensitivity over a count-closed, core-incident public temporal candidate universe; no hidden-run or partner-recall claim"
buffer_padding,30 min,30.0,,,24274,1.0,11865,0,308,610,OPTIMAL_NUMERICAL_MILP,0.0,same_dropoff_community_area_fraction_per_core,fraction,0.0,1.0,1.0,CERTIFIED_OPTIMAL_PAIR,,,OPTIMAL_NUMERICAL_MILP,OPTIMAL_NUMERICAL_MILP,0.0,0.0,0.0,0,"missing endpoint area contributes interval [0,1]",canonical_complete_boundary_identity,"conditional sensitivity over a count-closed, core-incident public temporal candidate universe; no hidden-run or partner-recall claim"
