buffer_rows,candidate_rows,certified_endpoint_pairs,closure_status,computationally_unresolved_endpoint_pairs,core_rows,core_start_local,endpoint_pairs,failure_message,failure_type,missing_public_query_value_endpoint_pairs,monotonicity_status,report_sha256,sensitivity_sha256,status,temporal_edges,uncertified_endpoint_pairs,window_index
630,699,120,PASS,0,69,2026-01-15T08:00:00,150,,,30,PARTIAL,e115acdcac5951ccc9a97af0cb2274fd351d9458d9252c6c75d13b60e0d8a969,80a9261b4bf21517f765cc93fcc37c40a8dbb5994408f03c435f63941ad66e64,COMPLETED,31272,30,0
341,382,120,PASS,0,41,2026-01-15T12:00:00,150,,,30,PARTIAL,b40a3e670eb8399b156c87d1c16c7d91699f25156344462f0a996549ee36f965,5464c466d4167da38ca5bff11b70587cf0a55e32a693b3f6301f544ee622f865,COMPLETED,12695,30,1
563,640,112,PASS,8,77,2026-01-15T17:30:00,150,,,30,PARTIAL,760ed3fb3de9611eee9794e7d568afd35f06d7bcaabd528365c10c934aed8823,fc3ad68b892ee5ab7455922ef556321fc275979fb1ad41d4493a79f19dce929a,COMPLETED,39360,38,2
,,,,,,2026-01-16T08:00:00,,no scan bin met the core-count and timestamp/id-integrity requirements,LiveDataError,,,,,INELIGIBLE_FIXED_CORE,,,3
431,470,120,PASS,0,39,2026-01-16T12:00:00,150,,,30,PARTIAL,d06c012b600a91c69f03e0acf694a4662dc54e1474edb3d0c76d39c3d5ec5808,3d7f2e7f3104db20c69c94d542cca717d5cc3cddc986571cfc0a723cdb76c266,COMPLETED,10515,30,4
589,661,120,PASS,0,72,2026-01-16T17:30:00,150,,,30,PARTIAL,f7cb575a9800c4bb72dcbeb3fe020d766d77ba15c5b35b601706211a7797d830,bcffdc53298dd29fee55dca43105fbd989f0341a6c6f4040fab1d3edf09e2885,COMPLETED,34627,30,5
444,488,120,PASS,0,44,2026-01-19T08:00:00,150,,,30,PARTIAL,601f6900347702d3af4df8e40a9c991e4f91f4012434fd109553ebcadf136c25,2fc7ad19ce51141d27a3b2f3fe58486f3064d1b4ca2cd60422544e2ad367a4cc,COMPLETED,16573,30,6
400,457,120,PASS,0,57,2026-01-19T12:00:00,150,,,30,PARTIAL,191e6bb59a0c4c546ed6dec35edc826232fa246c1e8d6d17865a15d630908479,19c7060342bddaedac41a4b8842272b282b670980cd9b7af4d85528b73c5c2c7,COMPLETED,16996,30,7
450,516,120,PASS,0,66,2026-01-19T17:30:00,150,,,30,PARTIAL,175f210800b3d37b344a4b7ce555f174adab7cf1fa02af9f0353e9fb99d9244e,9a6a7159bdeef4b7cc5cdb1084fe692c4dfec29456df9b7f83a0f810bc8d0bc7,COMPLETED,24031,30,8
,,,,,,2026-01-20T08:00:00,,no scan bin met the core-count and timestamp/id-integrity requirements,LiveDataError,,,,,INELIGIBLE_FIXED_CORE,,,9
505,546,120,PASS,0,41,2026-01-20T12:00:00,150,,,30,PARTIAL,cd184adef7259ee4b85e51184fa66235e97f7763c2962a3a7ace323e82e05bfd,f6bb28231e1fddee47efc14a498f86d7e3df5d78943043d48703f0906e063f15,COMPLETED,12856,30,10
505,565,120,PASS,0,60,2026-01-20T17:30:00,150,,,30,PARTIAL,a759e73d45829bc83171f50ade9b5c97ab01a1090dfadca1004308b640e3ffd0,52f1a27b64b7db626b5ef3d7376186631af07a2fe64681bcd21be0d016ee75c6,COMPLETED,26604,30,11
562,619,120,PASS,0,57,2026-01-21T08:00:00,150,,,30,PARTIAL,a704f4374a12bd38303620f5eaa5d69e3b0fad73de9df62d979862f56136149d,0f8e0cb516cad3878ace39635a68e762bff0407e165f935fd75dcf4934cda2b8,COMPLETED,23460,30,12
334,376,120,PASS,0,42,2026-01-21T12:00:00,150,,,30,PARTIAL,a0dddb303d1ebf74a914668653fabadb5e1b678a21f5188abc4d60db2e3d27fe,7af45c09103223be218daab7e12969421256623fd90a31e992bf58e78f9e4d5a,COMPLETED,12714,30,13
566,626,120,PASS,0,60,2026-01-21T17:30:00,150,,,30,PARTIAL,9de5a392e02d06a47c85211d6523cf5f04bd8b886ae8a8d4b9cdec1f08c28f12,181d4d0315621018e847a8c5bc30c8abb8c28dd667a66a0ecb2d0e644c0d6a04,COMPLETED,26510,30,14
676,750,120,PASS,0,74,2026-01-22T08:00:00,150,,,30,PARTIAL,95ee1b1e9a27d1849b37aeaf797869db97ade422fe876d237c131765cd717f77,bf8bcf677cfc7c0e0a37b119c0b08a978568e21b41fe50652d5891ec3916bc73,COMPLETED,38465,30,15
390,448,120,PASS,0,58,2026-01-22T12:00:00,150,,,30,PARTIAL,fce40877c755020290c770f4fe479a14069a9230c331d287ea9c034e438c4729,4985eb6d84094908b68721f8db079adbf3538c1d254b9aca0c0df35e33b4f69b,COMPLETED,17863,30,16
634,703,116,PASS,4,69,2026-01-22T17:30:00,150,,,30,PARTIAL,159d3382f0beda410998e38b7093a0bedf40fbbe5c2ba368fe48553d1a0cab7b,400e80d532ff797d8a673fcbc7af02141007a90d18c3f7866c5e8a12c0682918,COMPLETED,36200,34,17
436,491,120,PASS,0,55,2026-01-23T08:00:00,150,,,30,PARTIAL,b7d76422992ec9fef47a8b6d3fa96a7336a28bdee48bbf675b0bfcae543c8dbc,57714867b57e58c107f7b6035fc05d88720d5580d7736e88eca8357e69c3066c,COMPLETED,20504,30,18
391,442,120,PASS,0,51,2026-01-23T12:00:00,150,,,30,PARTIAL,5b8ada9614d6a8bfe796b3a61fcaa55a272890b416abe74ef5ac3187e6a31284,2df2fbacaba6a014c7c50280fdcee279933b8f41b451febcb6f59c1bc9238e8f,COMPLETED,15606,30,19
569,648,120,PASS,0,79,2026-01-23T17:30:00,150,,,30,PARTIAL,64ac9ab3e9254581b6cde2ee5f8447e7ecd319548020f2c1cb8598c62afcc537,f0d64cb62ca45150a01d9cd8aa752a7a5aca3a3a810f7dc9134ab1547a40e5df,COMPLETED,37719,30,20
,,,,,,2026-01-26T08:00:00,,no scan bin met the core-count and timestamp/id-integrity requirements,LiveDataError,,,,,INELIGIBLE_FIXED_CORE,,,21
396,426,112,PASS,0,30,2026-01-26T12:00:00,140,,,28,PARTIAL,ab5a37ec45e3b2439210718305e51b9e9881a9bcbaf714679c60e513b08d38a3,734b7613fcde74dfb90164d51eb43c4d59528acca76b4d5a3a70783d43eec6e9,COMPLETED,9358,28,22
555,618,112,PASS,0,63,2026-01-26T17:30:00,140,,,28,PARTIAL,5a1b5e68c893f6f041962a593fb5755bc1fdf4884c99eaf216526f26b40e1267,b10587ad1c6947dfab61c76caed49929868e263a50356825a4a5719a62d2f84e,COMPLETED,28059,28,23
703,768,120,PASS,0,65,2026-01-27T08:00:00,150,,,30,PARTIAL,3e8a839fb57747b1b868a2954c67288e86ff45ecf5d6df43f4006aaa00e84934,78dd47c6321b90d58e2efe4041948b4907915c8c6a719e629cf294d5efeba216,COMPLETED,35532,30,24
406,453,120,PASS,0,47,2026-01-27T12:00:00,150,,,30,PARTIAL,36f757bf040a124257d337fcceaf3c411729a2be10ccb4fe596862995ddbb13b,b796eaa177efcace1d996be73ef839053373c431e75579a880d0fd9f34e1e71a,COMPLETED,14769,30,25
667,723,120,PASS,0,56,2026-01-27T17:30:00,150,,,30,PARTIAL,f854e3fa31dd591428f0711b6f712d0d58f135f06280301d19500a70e0850762,e846b7d6f8c54928a2a7fd00515627e1ff29a0004920e102a5736052f90fbb5d,COMPLETED,27997,30,26
,,,,,,2026-01-28T08:00:00,,no scan bin met the core-count and timestamp/id-integrity requirements,LiveDataError,,,,,INELIGIBLE_FIXED_CORE,,,27
416,469,120,PASS,0,53,2026-01-28T12:00:00,150,,,30,PARTIAL,aec22561aeed9a2d191af6a61969e6749f7b1e2eecb26cf0bb4e7600c952fdc1,69db6a1fd5424d9574992b0ec94ba51553e7b3d646d423563f9750a84061b95f,COMPLETED,18168,30,28
625,694,120,PASS,0,69,2026-01-28T17:30:00,150,,,30,PARTIAL,a0e3b17955c5cb36aa6933227741f70b1e05c9e2a1012f4f308f79546366ca5b,c212e94390cca324f1ca51b17b40050302f339df93bd2f7fa46596a76dea0d9c,COMPLETED,34506,30,29
,,,,,,2026-01-29T08:00:00,,no scan bin met the core-count and timestamp/id-integrity requirements,LiveDataError,,,,,INELIGIBLE_FIXED_CORE,,,30
462,502,120,PASS,0,40,2026-01-29T12:00:00,150,,,30,PARTIAL,36f49c13f99ad199a1a80223cb1eb53c029d6b10b7c61a3143b8ab51ce49f140,fe48784987b99a760da872d65986d2114122ad9a88f9c8daff1eff53fdd597ca,COMPLETED,12137,30,31
620,672,120,PASS,0,52,2026-01-29T17:30:00,150,,,30,PARTIAL,4dae561959c791df19fdbca13ca9266247143369dd6eda3e617059fa4504243f,728bd441834ad257c3c57ca05f5a54c7e61c178bb47a2cbd292e0393bff2a9b7,COMPLETED,22587,30,32
582,652,120,PASS,0,70,2026-01-30T08:00:00,150,,,30,PARTIAL,44297393cf79e55fcdc4d906f07be045ba27e5bd53c50b7dac61e955917310b5,f60d73f363c4b093520a2cfda9835bed7271fb109cc25ca608b4f87c80bebd85,COMPLETED,33615,30,33
426,469,120,PASS,0,43,2026-01-30T12:00:00,150,,,30,PARTIAL,c94d3f0e57af98b6a5cbc5392df1c64044672b8d0f201e24a87a7672e7741bde,b2f53dfa68aa3fa546a008ca7d8b056e7fa04548f09f8296fc519ada9aade626,COMPLETED,14159,30,34
828,895,120,PASS,0,67,2026-01-30T17:30:00,150,,,30,PARTIAL,522afed71148d2ef625d9c680a520747d5205aa7d581519488f6d7e2923f0d92,b4e63554234429f59ca29b6ffcc7602b8d02607a85e295268861a4e1ece56055,COMPLETED,32332,30,35
582,653,120,PASS,0,71,2026-02-02T08:00:00,150,,,30,PARTIAL,3496e041b03e132655e1def7c21cccf2d3f3bfa7a58cf0bc56c1f61c41cd498a,5b1b0ef913068fbecffb8601d3db21a4849f16c943d83d0dca1e357e9e65f799,COMPLETED,30680,30,36
418,469,120,PASS,0,51,2026-02-02T12:00:00,150,,,30,PARTIAL,ecdc3b1bc2c9fd26c99ca1843e1a13d42133bc32a6f8026d61dab3ebc21642ae,da50b4403dae1351c53f3d7fb3c6d35d7079827d06be69db0f504661e420adf1,COMPLETED,14810,30,37
486,546,120,PASS,0,60,2026-02-02T17:30:00,150,,,30,PARTIAL,f18649e376365e5ef08885cc37cf470b54ba3b8e7b73e4bdfdc0ffbc0d1b47a9,fcad5f212e78a257cd0f6478be5c9aa866b014043a1d775c3294b62dc2a96084,COMPLETED,22736,30,38
517,571,120,PASS,0,54,2026-02-03T08:00:00,150,,,30,PARTIAL,00671b49c96c24b0e87c8ac6a5476b6ca5d3a588336327ec247967a78e3d813a,e6a1096506980509f66d780b1ad1aaef98551a9eb367264e099c144bd72e225b,COMPLETED,22686,30,39
567,615,120,PASS,0,48,2026-02-03T12:00:00,150,,,30,PARTIAL,a5a8dcfbafb64e8edff467458b99f388046980a5f65a0b0360dbdcba97628102,2af55ae23be35a8150284e5bde4196a39aa464debccc28caef205f08720608a3,COMPLETED,14502,30,40
397,441,120,PASS,0,44,2026-02-03T17:30:00,150,,,30,PARTIAL,77a11f7df5a33b315f0ab89cc34e9232b2e4c40d06c6b11eea0a547766b40ffe,d93bfe46397c76a08056f089b8310608e0bed6a7d64a91f3e270a95c49dceba1,COMPLETED,14377,30,41
477,539,112,PASS,0,62,2026-02-04T08:00:00,140,,,28,PARTIAL,6ab915d04775c5f21ff8a6d85bf8c6c732d907011c93dba3d27416843a16d38f,37758e2b629fb57497db11f6e1fbe02d80cd8c37bd2e138162032bd92b8cfb4a,COMPLETED,23540,28,42
368,416,120,PASS,0,48,2026-02-04T12:00:00,150,,,30,PARTIAL,5db3abc1053a14cc65893522800af5377be403fc3185be4b1b9c77a5af758582,1d880e0d0985de8aa377a9ca8c2922190d63ca57c9922f5e7a97f89637c28c08,COMPLETED,13191,30,43
495,545,120,PASS,0,50,2026-02-04T17:30:00,150,,,30,PARTIAL,bdf28c95b43d15c5dacb095bdca39935e195b396e664d80644a59fbac21103ef,260ec7a94f156fbea3808dac4fb7b9a08a093f1dfe8373ce31b12b020c1dced1,COMPLETED,17007,30,44
540,613,120,PASS,0,73,2026-02-05T08:00:00,150,,,30,PARTIAL,bbba17719d0c06304d89aef24c17dc51d3a652e120e0651165c47698ad9aad1d,de32bae6131cfc4295f6efe158425934197a91cba594592d26d5a0b98d0c38a2,COMPLETED,31210,30,45
332,386,120,PASS,0,54,2026-02-05T12:00:00,150,,,30,PARTIAL,1ff4b1d75c5fb534d414441d045862542568a66b844566e876c458ba321ebf2a,7d051d49080a8a2ee2e8f3ab61324b9bf9fc582a16c96218d2065b7d35df5331,COMPLETED,15555,30,46
503,549,120,PASS,0,46,2026-02-05T17:30:00,150,,,30,PARTIAL,cd13725c76f05863375f376353d77c2548cecbb751979e8de162608674710e70,26b366c26efe813b5e4015f54839732dc52bbfff5cd1383102149f1bbb74b595,COMPLETED,17421,30,47
641,712,120,PASS,0,71,2026-02-06T08:00:00,150,,,30,PARTIAL,047efaf6ddf1cc9a805def5aa7b1847ab0730b50b1b1b2439bcf862ccfd04c21,515ea8ed0c271b06c5c1880e4aa81911942960a0bb5a177a1572294a993c4c87,COMPLETED,33375,30,48
333,383,120,PASS,0,50,2026-02-06T12:00:00,150,,,30,PARTIAL,265aa99cd258d343fde7926513adb09e07f6e046788595444e2f851ba76a7a37,b5b078b56453f4f32ff9241052f3a9b5aec21e127708b7bcf619a5379f56eefc,COMPLETED,14268,30,49
646,704,120,PASS,0,58,2026-02-06T17:30:00,150,,,30,PARTIAL,ab4a98186cb4134e8e231cd0bcfa8397d01337c3e7016595b087821c3a5c1294,09a7f3cad6655cd55af121804093ea3c704518e17bc91663fe321415e245c116,COMPLETED,28046,30,50
618,675,120,PASS,0,57,2026-02-09T08:00:00,150,,,30,PARTIAL,71ed4636bee6ee0cfbda7567aa986849415b8828b2a96cbf63d64b9b512b7760,6171268020694a8b9e4bf98c4f35b2985eb08790b2037f2a3ccf908f0b02dc20,COMPLETED,26465,30,51
344,385,120,PASS,0,41,2026-02-09T12:00:00,150,,,30,PARTIAL,39194f80b87b66e4906a8b9c565532f90a0c66baa8c1018a5e01f3c61ceb7e74,e1d79737000e6232b0e5e52ab2b4070255f0838622585b350146066864e8d9a0,COMPLETED,11374,30,52
512,566,120,PASS,0,54,2026-02-09T17:30:00,150,,,30,PARTIAL,f4c46e4a71350e36e745777327361256a7f51ac99884e6ace1a802c362d8b3db,9969073fb168f47bd5fe74917a289b0a4d636a87b78e1ca39db43d9d40118eb8,COMPLETED,20297,30,53
400,451,120,PASS,0,51,2026-02-10T08:00:00,150,,,30,PARTIAL,c78c3b58b84a29610e0afb6a5036170681a103208abe9d642fcae2ffdaa8dc8c,56c68b40bc58c88fa3d2211d2bc23f793760828c596e1d4aefc4a2d03eb99404,COMPLETED,17308,30,54
351,390,120,PASS,0,39,2026-02-10T12:00:00,150,,,30,PARTIAL,9cdaca4cb30409ddc2156a07d14eb105fa7d640213708f06117780f529b8f314,14be6551c31b14f7fd67a5c66faa8f3470aeb617d30ab90fd630ff9a39662054,COMPLETED,11266,30,55
494,541,120,PASS,0,47,2026-02-10T17:30:00,150,,,30,PARTIAL,b8279ca6b8c8d2c81cd9aeb749ffd55e8ae096d89dc53c1cd04302cfb4c3d128,e9429de4aeb3c3695ef97da1ae5a00bd549eb60d48b9da96c62cd3c7a6505fdf,COMPLETED,17244,30,56
500,571,120,PASS,0,71,2026-02-11T08:00:00,150,,,30,PARTIAL,41fdcc8d83a44a96edacf8007f69c4323559f7fa5b97b6ac89448616f1977fb9,0ceb928ca018ae0de6c653df8077695a8c8376c7136406620532455eeda04b19,COMPLETED,26655,30,57
406,446,120,PASS,0,40,2026-02-11T12:00:00,150,,,30,PARTIAL,5e324113e8612b8ed6a91ce82140ce88d56f22ae2decf19b1485dedf63064471,9d38c03f73195e2409ef9b911361fbfbd6c2acd8634bdb2fdd235424a0338e03,COMPLETED,12270,30,58
590,639,120,PASS,0,49,2026-02-11T17:30:00,150,,,30,PARTIAL,5367fb855cf2bdb6ab54492c1e65788e7bd74e97e8f18991f95417ba35209b2f,8267813de84a8fac21427b45e540b320234199e1c275be3e2787f07389f6239c,COMPLETED,20821,30,59
405,459,120,PASS,0,54,2026-02-12T08:00:00,150,,,30,PARTIAL,2dcaffb437f3aca426dabb03ac63de807a207f0f2a2a201065fcaf81ec0cd988,1686def674347f4894eac83ba045b03a32e5211453fc22d2dea8b84ae670cec2,COMPLETED,18406,30,60
371,423,120,PASS,0,52,2026-02-12T12:00:00,150,,,30,PARTIAL,b3ce25e3c4ad677e1c5609da8089ef96062dbda952ee0298ec79bf0fae09f5d0,257ffc4c984b7669238d8de7b01d7df6751e2caeac4939ccc44feeae1af85872,COMPLETED,15033,30,61
619,676,120,PASS,0,57,2026-02-12T17:30:00,150,,,30,PARTIAL,f1d0adbff8eaa6cfcd9c5698a3ba5b0823daee4b22d51a829b3aa7cf5b34eec0,156d3aa6f66801eeb643b9f993f03c3a52fa3d181e444872dc70a9d94caf06d1,COMPLETED,24350,30,62
542,605,112,PASS,0,63,2026-02-13T08:00:00,140,,,28,PARTIAL,4d7595aaa968d7b99be3630c5c5d9dbf21b2fa4fe02590adf922b81e858cad4e,027100cce0f01b14d2a2302b06e9a856c9a2b864e15e2ecb05f5cbba9bf0277c,COMPLETED,25637,28,63
470,524,120,PASS,0,54,2026-02-13T12:00:00,150,,,30,PARTIAL,7da15276ec7cf9d3e7de4b8e498a63db05606f26a470cc35c0716c0eae21da00,e8d1189819d561c43d2c346f93fbf8d3578916fa3d3cee24b4fe9972a1fc3dd0,COMPLETED,20378,30,64
730,782,120,PASS,0,52,2026-02-13T17:30:00,150,,,30,PARTIAL,70c223d8e575eea84090b6846d3c34f504f1c5e02bbddebf4f19c5401c82709b,7f11c7d981a3c6a3b92965ca1562c1211faa37901cb3c2bb5ea6276b432d4040,COMPLETED,27876,30,65
381,415,120,PASS,0,34,2026-02-16T08:00:00,150,,,30,PARTIAL,11be15b5c0d76eae514788d658f57ec6d1dde6e1a4ea1884cbbc175fa1a9de87,0f41f4460912c06e2d4605d5db321c851b702e5d1b2cd672d6e86dec36c2e44e,COMPLETED,10591,30,66
326,370,120,PASS,0,44,2026-02-16T12:00:00,150,,,30,PARTIAL,dd28e6623c509e589debc3352d5310b07d98568d614098aaeb718d2cc4b78cc9,687369c1e3173637ea4bdbecef39d8b59b6f8aab657b34a2971751f02f937d11,COMPLETED,11555,30,67
423,474,120,PASS,0,51,2026-02-16T17:30:00,150,,,30,PARTIAL,6e50d5c9e3f83d84daae7d30743d211f13ee700e83863c5db74938bdd0039f17,fb0bc8b9f55add32c2f2436fe760cbbbfbfa5b70cde2267fff39300105217376,COMPLETED,16663,30,68
407,449,120,PASS,0,42,2026-02-17T08:00:00,150,,,30,PARTIAL,086713d024c2aea300e28708db5458896accf597b4ca5de7a437078a0314a39f,fb0286f75e3c31a22ce1c2b71618dc96f4a89b2c3d631ea5bc27a64a8edc3b14,COMPLETED,13124,30,69
396,445,120,PASS,0,49,2026-02-17T12:00:00,150,,,30,PARTIAL,0b1b9a9e0b1bddd999e28438c2dc0e6ece84ca48d9f25f800837e77265c46189,16c1f0ef84b01fb95db791bfd51c8c160971d88c8f12b7f3db00db8925eac0df,COMPLETED,15103,30,70
452,486,122,PASS,0,34,2026-02-17T17:30:00,150,,,28,PARTIAL,c29df2c85353e3cd24c993ab9a243d8582b7accd84cac322d80e9516b946bb10,9aa8c136f7df7b3fcc375295d80dc1fab87b2c2d8dda615c772216f24bb08db0,COMPLETED,11650,28,71
443,494,120,PASS,0,51,2026-02-18T08:00:00,150,,,30,PARTIAL,9f68204a0e6a0c213d3f31bd80fa87340761ac5df9f9ea100e97163e1ad99f69,da5ac161d488c3e7d3c31c92744dc98444e32ff57d7b7acbd031827ac53c7a99,COMPLETED,17997,30,72
375,415,120,PASS,0,40,2026-02-18T12:00:00,150,,,30,PARTIAL,f0dfbe06a43351c0e23ec92a501105058a7e7b4bcca4c92993b696e43a29686f,49fe1489bb0c7504faea038cf63e8a13f79ebfa267d64a4a9144682741a0cc19,COMPLETED,11350,30,73
507,569,112,PASS,0,62,2026-02-18T17:30:00,140,,,28,PARTIAL,59ff5b412dd0267587d36837b9d889fa42c67c3626cec0c9bc3fc3a946490045,1315619e23934c8b549c265d9f78907b668dc62ca071737bedfcb3bf2c8d6a25,COMPLETED,24989,28,74
473,520,120,PASS,0,47,2026-02-19T08:00:00,150,,,30,PARTIAL,5dd06cc3a6c0d6b17466e617d999389d76f276f2b48d3f91f47a46ce9b47fd05,ad93a8f50bae90d5ddc307a40ed1d6e5664185c27b3c66b78c20a949fd41b4ca,COMPLETED,17612,30,75
306,348,120,PASS,0,42,2026-02-19T12:00:00,150,,,30,PARTIAL,e264f125b89da8fb1a4716f15fba04f91f5207c5899853df3296f74812cfb77f,6ef2c17d2496f547b7e92cff0a29ba511a8f057e8e725e68a9dd9c9152be2dc5,COMPLETED,10473,30,76
18,20,75,PASS,15,2,2026-02-19T17:30:00,90,,,0,PARTIAL,44214884c4e99bc57e8cf9a7d7cfeb6f9110f0ae1b02fe5bc303d17184c68271,e2db518e836650c24fe8742be30bb43562768792a36a2b69f7d79af7eea4da6d,COMPLETED,37,15,77
530,590,120,PASS,0,60,2026-02-20T08:00:00,150,,,30,PARTIAL,dead0e190beda9a5f51b959bf52abdffa0e3d734f22052777e5ced4b75d60e6e,219f0daa4afddc36af23b885ba92380795f4c7887212417c58d4886a1496bb19,COMPLETED,23791,30,78
383,430,120,PASS,0,47,2026-02-20T12:00:00,150,,,30,PARTIAL,707bf1b62eca784eedadcda05dc7059887c2ed8500d5207475414b012785c3a2,e2fdad20bfbb7a05ec62115fea9ce4cdef4b7dff82d4df6fe1f49fe642bbefb4,COMPLETED,14157,30,79
752,830,145,PASS,5,78,2026-02-20T17:30:00,150,,,0,PARTIAL,56f7fabc54ad019a16806f9b8b021c47111e7f680d009d2713d423db9cbd08b1,da35a40ef65e1910ea2684ffe34e8963ca268e49855b4524add21be579f47cec,COMPLETED,38155,5,80
485,544,120,PASS,0,59,2026-02-23T08:00:00,150,,,30,PARTIAL,4f0c897b94fb2f02d21cc8962e32b9a29cab2de81c720f100beb574c01718639,983aabd7104bc2a76a061f5c0f0badca5ca71af397fdf4f73c42acdb6ec16ca0,COMPLETED,22389,30,81
357,392,120,PASS,0,35,2026-02-23T12:00:00,150,,,30,PARTIAL,f6ebf888e6528bb7d4d47f6070e09fb83044905cae84bf4daffe888537790fc1,4223e91ec3fb5d297d92c79d5dc559efabc66af12405165cf47cf2f4f1a64f80,COMPLETED,9061,30,82
509,567,120,PASS,0,58,2026-02-23T17:30:00,150,,,30,PARTIAL,3ee3e86c4e614a00058ee183ced7abab871e274e043ae9cb09b6a106df2f7dea,76ebac56f7206212d311c8573c5f42f104d4a9bb730a500eed4bb96a1d850a93,COMPLETED,22679,30,83
,,,,,,2026-02-24T08:00:00,,no scan bin met the core-count and timestamp/id-integrity requirements,LiveDataError,,,,,INELIGIBLE_FIXED_CORE,,,84
389,446,120,PASS,0,57,2026-02-24T12:00:00,150,,,30,PARTIAL,12dec7a2b98c0e7c01cd22aaa0e12982d37c157eed85b329e8d44b56d8b98414,48a17ffeb0bb3c1b6546b6adfe094014f3da300388f34e4fcc5e6f3913b83877,COMPLETED,18168,30,85
546,603,120,PASS,0,57,2026-02-24T17:30:00,150,,,30,PARTIAL,7a887df76e490e160604e671383d41e6dd791ede649ec5ecc3be183544113f8d,1436899e541cf263e68fa049f96728e9c1991493e05c6643329bd3b47bbcfaf4,COMPLETED,24736,30,86
461,518,120,PASS,0,57,2026-02-25T08:00:00,150,,,30,PARTIAL,6f57558af0c4c69cf219e43200387ad1e3e226fb1ab4dd70bd96f25f7e324781,347bb25fd044d7c55420d730c7dc2081da0e75824e10712294a16147ec17e6d5,COMPLETED,20866,30,87
415,467,120,PASS,0,52,2026-02-25T12:00:00,150,,,30,PARTIAL,7aaf20fa70ad418b6ef6d0e499883e4f4b7d75402baf019919edee68b8a7e907,14904e8773c5ca4c538242f7cae155b443022e32c21ba69062e80a33f2128c0c,COMPLETED,17314,30,88
530,575,120,PASS,0,45,2026-02-25T17:30:00,150,,,30,PARTIAL,27489ccc441ff288ebaf4c0801fb94656414d7c1b46e7313dcfcf8c97e86c636,cc8bfd51f41f3aea967ddbebf59f215e2bbd24a88d3cdd23ea1a34b1eb7cafa1,COMPLETED,17859,30,89
548,597,120,PASS,0,49,2026-02-26T08:00:00,150,,,30,PARTIAL,d25ae599298c38a3ef7e9c02790e4b92bf3269421ce91cf161b57b4e838b1f0c,2554690594e472310dbc63eb678f21d1565347e814f3fd9c9b10d62fa97cbead,COMPLETED,19362,30,90
425,478,120,PASS,0,53,2026-02-26T12:00:00,150,,,30,PARTIAL,dcee3dc75bff1c93c739c1a563c7774d27b1a70aa66f967b7841d89fb8f6acb0,19d3dbf724fce428c8eb588ba98d6ec62ebe992b13cb8aca75bb9428be42c527,COMPLETED,15630,30,91
509,578,120,PASS,0,69,2026-02-26T17:30:00,150,,,30,PARTIAL,105a63ec2775457005d2ebec4eef851ba2f707b93294c7bc47269f2675c001e9,e8e69adb8c1c6832630476a8e1e9c44b2146da796a70d17fa16f877375daba95,COMPLETED,26269,30,92
,,,,,,2026-02-27T08:00:00,,"no complete, certified, monotone sensitivity query chain remains",LiveDataError,,,,,EXECUTION_FAILED,,,93
365,414,120,PASS,0,49,2026-02-27T12:00:00,150,,,30,PARTIAL,a72303488f39ff8d2e1a7be26311e3eb122bc6dd2feb02fd54f3661a853f28ef,c4ea5f68ab10bcb2a0139fca22f08d476e5159a3464bd988ad2fb7b7a7fc3bfb,COMPLETED,14324,30,94
661,730,118,PASS,2,69,2026-02-27T17:30:00,150,,,30,PARTIAL,78442fc0834be58a5e68ca87f4c9ad51616ea7f7705ab3ac4ba18adc48b51130,82b386b557afa7377c6a563689eb75a493e911ad03e0ec9aeb0d337d1f83edea,COMPLETED,36005,32,95
