trip_id,trip_start_timestamp,trip_end_timestamp,trip_seconds,trip_miles,pickup_centroid_latitude,pickup_centroid_longitude,dropoff_centroid_latitude,dropoff_centroid_longitude,pickup_community_area,dropoff_community_area,pickup_census_tract,dropoff_census_tract,shared_trip_authorized,shared_trip_match,trips_pooled,fare,trip_total,synthetic_data_warning
syn-0-00-p00-0,2026-01-20 06:00:00,2026-01-20 06:15:00,700,1.699,41.878396,-87.63107,41.89528,-87.640549,8,8,17031000000,17031900001,True,True,2,7.99,12.24,SIMULATED; not a City of Chicago observation
syn-0-00-p00-1,2026-01-20 06:00:00,2026-01-20 06:15:00,679,1.626,41.879433,-87.631615,41.894192,-87.639729,8,8,17031000000,17031900001,True,True,2,7.82,12.07,SIMULATED; not a City of Chicago observation
syn-0-00-p01-0,2026-01-20 06:00:00,2026-01-20 06:15:00,818,1.678,41.884935,-87.630374,41.896787,-87.635108,8,8,17031000000,17031900001,True,True,2,8.4,12.65,SIMULATED; not a City of Chicago observation
syn-0-00-p01-1,2026-01-20 06:00:00,2026-01-20 06:15:00,809,1.757,41.884723,-87.628276,41.896423,-87.635637,8,8,17031000000,17031900001,True,True,2,8.46,12.71,SIMULATED; not a City of Chicago observation
syn-0-00-p02-0,2026-01-20 06:00:00,2026-01-20 06:15:00,693,1.641,41.88131,-87.624315,41.909529,-87.630697,8,8,17031000002,17031900003,True,True,2,7.89,12.14,SIMULATED; not a City of Chicago observation
syn-0-00-p02-1,2026-01-20 06:00:00,2026-01-20 06:15:00,746,1.742,41.881511,-87.623162,41.907128,-87.633447,8,8,17031000004,17031900000,True,True,2,8.21,12.46,SIMULATED; not a City of Chicago observation
syn-0-00-p03-0,2026-01-20 06:00:00,2026-01-20 06:15:00,712,1.528,41.885244,-87.626383,41.896555,-87.627145,8,8,17031000003,17031900004,True,True,2,7.82,12.07,SIMULATED; not a City of Chicago observation
syn-0-00-p03-1,2026-01-20 06:00:00,2026-01-20 06:15:00,715,1.465,41.884528,-87.62729,41.897979,-87.624169,8,8,17031000003,17031900004,True,True,2,7.75,12.0,SIMULATED; not a City of Chicago observation
syn-0-00-u00,2026-01-20 06:00:00,2026-01-20 06:00:00,348,2.387,41.881416,-87.615224,41.901646,-87.61906,8,8,17031000000,17031900002,True,False,1,7.58,11.83,SIMULATED; not a City of Chicago observation
syn-0-00-u01,2026-01-20 06:00:00,2026-01-20 06:15:00,590,1.18,41.880189,-87.610474,41.904906,-87.62066,8,8,17031000001,17031900003,True,False,1,6.92,11.17,SIMULATED; not a City of Chicago observation
syn-0-00-u02,2026-01-20 06:00:00,2026-01-20 06:15:00,1067,2.007,41.882104,-87.612736,41.903024,-87.615814,8,8,17031000002,17031900004,True,False,1,9.73,13.98,SIMULATED; not a City of Chicago observation
syn-0-00-u03,2026-01-20 06:00:00,2026-01-20 06:30:00,1532,1.031,41.884588,-87.615344,41.900996,-87.623227,8,8,17031000003,17031900000,True,False,1,10.19,14.44,SIMULATED; not a City of Chicago observation
syn-0-01-p00-0,2026-01-20 06:45:00,2026-01-20 07:00:00,1172,3.696,41.900889,-87.630234,41.936458,-87.652334,8,6,17031000104,17031900101,True,True,2,12.28,16.53,SIMULATED; not a City of Chicago observation
syn-0-01-p00-1,2026-01-20 06:45:00,2026-01-20 07:00:00,1195,3.755,41.900171,-87.630947,41.937196,-87.652901,8,6,17031000104,17031900101,True,True,2,12.44,16.69,SIMULATED; not a City of Chicago observation
syn-0-01-p01-0,2026-01-20 06:45:00,2026-01-20 07:00:00,1153,3.436,41.899025,-87.632572,41.944909,-87.646216,8,6,17031000100,17031900102,True,True,2,11.88,16.13,SIMULATED; not a City of Chicago observation
syn-0-01-p01-1,2026-01-20 06:45:00,2026-01-20 07:00:00,1156,3.562,41.899052,-87.63224,41.944109,-87.646138,8,6,17031000100,17031900102,True,True,2,12.05,16.3,SIMULATED; not a City of Chicago observation
syn-0-01-p02-0,2026-01-20 06:45:00,2026-01-20 07:00:00,1033,3.687,41.903981,-87.638648,41.95056,-87.655249,8,6,17031000100,17031900102,True,True,2,11.76,16.01,SIMULATED; not a City of Chicago observation
syn-0-01-p02-1,2026-01-20 06:45:00,2026-01-20 07:15:00,1097,4.107,41.903325,-87.638934,41.950145,-87.657028,8,6,17031000100,17031900102,True,True,2,12.53,16.78,SIMULATED; not a City of Chicago observation
syn-0-01-p03-0,2026-01-20 06:45:00,2026-01-20 07:00:00,1024,3.375,41.894403,-87.633838,41.935704,-87.650654,8,6,17031000100,17031900102,True,True,2,11.33,15.58,SIMULATED; not a City of Chicago observation
syn-0-01-u00,2026-01-20 06:45:00,2026-01-20 07:00:00,500,5.607,41.897929,-87.61983,41.938381,-87.62742,8,6,17031000101,17031900104,True,False,1,12.26,16.51,SIMULATED; not a City of Chicago observation
syn-0-01-u01,2026-01-20 06:45:00,2026-01-20 07:00:00,862,2.55,41.899581,-87.622413,41.935272,-87.63425,8,6,17031000102,17031900100,True,False,1,9.68,13.93,SIMULATED; not a City of Chicago observation
syn-0-01-u02,2026-01-20 06:45:00,2026-01-20 07:15:00,1616,4.405,41.901698,-87.625036,41.93535,-87.629035,8,6,17031000103,17031900101,True,False,1,14.81,19.06,SIMULATED; not a City of Chicago observation
syn-0-01-u03,2026-01-20 06:45:00,2026-01-20 07:30:00,2174,2.233,41.900885,-87.619166,41.936228,-87.631736,8,6,17031000104,17031900102,True,False,1,14.08,18.33,SIMULATED; not a City of Chicago observation
syn-0-01-p03-1,2026-01-20 07:00:00,2026-01-20 07:15:00,1148,3.28,41.894919,-87.634234,41.935332,-87.653308,8,6,17031000100,17031900102,True,True,2,11.66,15.91,SIMULATED; not a City of Chicago observation
syn-0-02-p00-0,2026-01-20 07:30:00,2026-01-20 07:45:00,934,2.387,41.873771,-87.654349,41.853747,-87.661093,28,60,17031000200,17031900203,True,True,2,9.73,13.98,SIMULATED; not a City of Chicago observation
syn-0-02-p00-1,2026-01-20 07:30:00,2026-01-20 07:45:00,951,2.329,41.87294,-87.65096,41.851725,-87.654488,28,60,17031000201,17031900204,True,True,2,9.72,13.97,SIMULATED; not a City of Chicago observation
syn-0-02-p01-0,2026-01-20 07:30:00,2026-01-20 07:45:00,796,2.086,41.880578,-87.658511,41.844327,-87.649377,28,60,17031000203,17031900201,True,True,2,8.84,13.09,SIMULATED; not a City of Chicago observation
syn-0-02-p01-1,2026-01-20 07:30:00,2026-01-20 07:45:00,859,2.063,41.88031,-87.658387,41.842648,-87.649438,28,60,17031000203,17031900201,True,True,2,9.04,13.29,SIMULATED; not a City of Chicago observation
syn-0-02-p02-0,2026-01-20 07:30:00,2026-01-20 07:45:00,817,2.366,41.879717,-87.64762,41.854372,-87.644996,28,60,17031000200,17031900203,True,True,2,9.27,13.52,SIMULATED; not a City of Chicago observation
syn-0-02-p02-1,2026-01-20 07:30:00,2026-01-20 07:45:00,840,2.302,41.881944,-87.645331,41.850967,-87.641002,28,60,17031000203,17031900201,True,True,2,9.28,13.53,SIMULATED; not a City of Chicago observation
syn-0-02-p03-0,2026-01-20 07:30:00,2026-01-20 07:45:00,781,2.458,41.877601,-87.658336,41.852751,-87.659352,28,60,17031000200,17031900203,True,True,2,9.26,13.51,SIMULATED; not a City of Chicago observation
syn-0-02-p03-1,2026-01-20 07:30:00,2026-01-20 07:45:00,815,2.233,41.882288,-87.656892,41.849569,-87.653893,28,60,17031000203,17031900201,True,True,2,9.1,13.35,SIMULATED; not a City of Chicago observation
syn-0-02-u00,2026-01-20 07:30:00,2026-01-20 07:30:00,398,3.422,41.878596,-87.635444,41.851328,-87.630468,28,60,17031000202,17031900201,True,False,1,9.09,13.34,SIMULATED; not a City of Chicago observation
syn-0-02-u01,2026-01-20 07:30:00,2026-01-20 07:30:00,674,1.589,41.880967,-87.637167,41.852685,-87.633635,28,60,17031000203,17031900202,True,False,1,7.75,12.0,SIMULATED; not a City of Chicago observation
syn-0-02-u02,2026-01-20 07:30:00,2026-01-20 07:45:00,1214,2.794,41.880085,-87.633267,41.857025,-87.634871,28,60,17031000204,17031900203,True,False,1,11.28,15.53,SIMULATED; not a City of Chicago observation
syn-0-02-u03,2026-01-20 07:30:00,2026-01-20 08:00:00,1695,1.379,41.87804,-87.639715,41.854179,-87.631441,28,60,17031000200,17031900204,True,False,1,11.23,15.48,SIMULATED; not a City of Chicago observation
syn-0-03-p00-0,2026-01-20 08:15:00,2026-01-20 08:30:00,1438,5.823,41.844939,-87.642429,41.795132,-87.582309,60,41,17031000301,17031900300,True,True,2,15.98,20.23,SIMULATED; not a City of Chicago observation
syn-0-03-p00-1,2026-01-20 08:15:00,2026-01-20 08:30:00,1438,6.485,41.844671,-87.642105,41.795883,-87.582453,60,41,17031000301,17031900300,True,True,2,16.82,21.07,SIMULATED; not a City of Chicago observation
syn-0-03-p01-0,2026-01-20 08:15:00,2026-01-20 08:30:00,1455,5.289,41.847185,-87.639243,41.79593,-87.584376,60,41,17031000302,17031900301,True,True,2,15.35,19.6,SIMULATED; not a City of Chicago observation
syn-0-03-p01-1,2026-01-20 08:15:00,2026-01-20 08:30:00,1504,5.281,41.845757,-87.642458,41.799395,-87.583713,60,41,17031000300,17031900304,True,True,2,15.52,19.77,SIMULATED; not a City of Chicago observation
syn-0-03-p02-0,2026-01-20 08:15:00,2026-01-20 08:45:00,1461,5.694,41.847441,-87.639793,41.793386,-87.587538,60,41,17031000301,17031900300,True,True,2,15.89,20.14,SIMULATED; not a City of Chicago observation
syn-0-03-p02-1,2026-01-20 08:15:00,2026-01-20 08:45:00,1397,5.614,41.848904,-87.642885,41.793474,-87.581047,60,41,17031000302,17031900301,True,True,2,15.56,19.81,SIMULATED; not a City of Chicago observation
syn-0-03-p03-0,2026-01-20 08:15:00,2026-01-20 08:45:00,1401,6.122,41.850717,-87.646062,41.800307,-87.597864,60,41,17031000303,17031900302,True,True,2,16.22,20.47,SIMULATED; not a City of Chicago observation
syn-0-03-p03-1,2026-01-20 08:15:00,2026-01-20 08:45:00,1313,5.971,41.847249,-87.647211,41.801641,-87.593559,60,41,17031000300,17031900304,True,True,2,15.71,19.96,SIMULATED; not a City of Chicago observation
syn-0-03-u00,2026-01-20 08:15:00,2026-01-20 08:15:00,753,9.191,41.851962,-87.632631,41.796905,-87.577586,60,41,17031000303,17031900303,True,False,1,17.77,22.02,SIMULATED; not a City of Chicago observation
syn-0-03-u01,2026-01-20 08:15:00,2026-01-20 08:30:00,1202,4.094,41.849357,-87.627372,41.796189,-87.57202,60,41,17031000304,17031900304,True,False,1,12.9,17.15,SIMULATED; not a City of Chicago observation
syn-0-03-u02,2026-01-20 08:15:00,2026-01-20 08:45:00,2127,7.081,41.847912,-87.634279,41.794447,-87.578772,60,41,17031000300,17031900300,True,False,1,20.11,24.36,SIMULATED; not a City of Chicago observation
syn-0-03-u03,2026-01-20 08:15:00,2026-01-20 09:00:00,3121,3.54,41.846846,-87.629511,41.792852,-87.573054,60,41,17031000301,17031900301,True,False,1,19.23,23.48,SIMULATED; not a City of Chicago observation
syn-0-04-p00-0,2026-01-20 09:00:00,2026-01-20 09:30:00,1764,6.752,41.935396,-87.652015,41.974926,-87.764096,6,11,17031000400,17031900400,True,True,2,18.36,22.61,SIMULATED; not a City of Chicago observation
syn-0-04-p00-1,2026-01-20 09:00:00,2026-01-20 09:30:00,1665,6.771,41.935151,-87.653164,41.974366,-87.766256,6,11,17031000400,17031900400,True,True,2,18.02,22.27,SIMULATED; not a City of Chicago observation
syn-0-04-p01-0,2026-01-20 09:00:00,2026-01-20 09:30:00,1664,7.253,41.94139,-87.647293,41.962739,-87.751279,6,11,17031000404,17031900404,True,True,2,18.64,22.89,SIMULATED; not a City of Chicago observation
syn-0-04-p01-1,2026-01-20 09:00:00,2026-01-20 09:30:00,1687,7.536,41.942233,-87.646766,41.962458,-87.751465,6,11,17031000404,17031900404,True,True,2,19.08,23.33,SIMULATED; not a City of Chicago observation
syn-0-04-p02-0,2026-01-20 09:00:00,2026-01-20 09:30:00,1837,6.391,41.938491,-87.654276,41.969212,-87.767935,6,11,17031000402,17031900402,True,True,2,18.17,22.42,SIMULATED; not a City of Chicago observation
syn-0-04-p02-1,2026-01-20 09:00:00,2026-01-20 09:30:00,1703,6.742,41.938157,-87.654684,41.96989,-87.768796,6,11,17031000402,17031900402,True,True,2,18.12,22.37,SIMULATED; not a City of Chicago observation
syn-0-04-p03-0,2026-01-20 09:00:00,2026-01-20 09:30:00,1883,7.067,41.934069,-87.656031,41.974841,-87.768092,6,11,17031000402,17031900402,True,True,2,19.2,23.45,SIMULATED; not a City of Chicago observation
syn-0-04-p03-1,2026-01-20 09:00:00,2026-01-20 09:30:00,1817,7.168,41.936168,-87.657871,41.974795,-87.767975,6,11,17031000402,17031900402,True,True,2,19.09,23.34,SIMULATED; not a City of Chicago observation
syn-0-04-u00,2026-01-20 09:00:00,2026-01-20 09:15:00,816,10.846,41.943313,-87.634509,41.967636,-87.746975,6,11,17031000404,17031900400,True,False,1,20.13,24.38,SIMULATED; not a City of Chicago observation
syn-0-04-u01,2026-01-20 09:00:00,2026-01-20 09:15:00,1337,5.002,41.940908,-87.641201,41.966682,-87.741698,6,11,17031000400,17031900401,True,False,1,14.56,18.81,SIMULATED; not a City of Chicago observation
syn-0-04-u02,2026-01-20 09:00:00,2026-01-20 09:45:00,2548,8.384,41.94011,-87.636664,41.970755,-87.743681,6,11,17031000401,17031900402,True,False,1,23.33,27.58,SIMULATED; not a City of Chicago observation
syn-0-04-u03,2026-01-20 09:00:00,2026-01-20 10:00:00,3562,4.497,41.941754,-87.638304,41.97205,-87.745591,6,11,17031000402,17031900403,True,False,1,22.07,26.32,SIMULATED; not a City of Chicago observation
syn-0-05-p00-0,2026-01-20 09:45:00,2026-01-20 10:00:00,1233,4.552,41.789917,-87.589944,41.766889,-87.622971,41,69,17031000502,17031900503,True,True,2,13.6,17.85,SIMULATED; not a City of Chicago observation
syn-0-05-p00-1,2026-01-20 09:45:00,2026-01-20 10:00:00,1266,4.596,41.789431,-87.588527,41.766336,-87.621519,41,69,17031000502,17031900503,True,True,2,13.77,18.02,SIMULATED; not a City of Chicago observation
syn-0-05-p01-0,2026-01-20 09:45:00,2026-01-20 10:00:00,1107,4.576,41.786518,-87.592993,41.747307,-87.6217,41,69,17031000501,17031900502,True,True,2,13.17,17.42,SIMULATED; not a City of Chicago observation
syn-0-05-p01-1,2026-01-20 09:45:00,2026-01-20 10:00:00,1115,4.58,41.787337,-87.592421,41.747388,-87.621704,41,69,17031000501,17031900502,True,True,2,13.2,17.45,SIMULATED; not a City of Chicago observation
syn-0-05-p02-0,2026-01-20 09:45:00,2026-01-20 10:00:00,1247,4.06,41.782492,-87.591945,41.754686,-87.626564,41,69,17031000500,17031900501,True,True,2,13.02,17.27,SIMULATED; not a City of Chicago observation
syn-0-05-p02-1,2026-01-20 09:45:00,2026-01-20 10:00:00,1118,3.995,41.785234,-87.591152,41.757464,-87.624623,41,69,17031000503,17031900504,True,True,2,12.46,16.71,SIMULATED; not a City of Chicago observation
syn-0-05-p03-0,2026-01-20 09:45:00,2026-01-20 10:15:00,1263,4.742,41.793407,-87.592105,41.74438,-87.614436,41,69,17031000500,17031900501,True,True,2,13.95,18.2,SIMULATED; not a City of Chicago observation
syn-0-05-p03-1,2026-01-20 09:45:00,2026-01-20 10:00:00,1148,4.627,41.793211,-87.589758,41.749199,-87.617537,41,69,17031000502,17031900503,True,True,2,13.38,17.63,SIMULATED; not a City of Chicago observation
syn-0-05-u00,2026-01-20 09:45:00,2026-01-20 09:45:00,554,6.477,41.79307,-87.579155,41.747516,-87.611038,41,69,17031000500,17031900502,True,False,1,13.57,17.82,SIMULATED; not a City of Chicago observation
syn-0-05-u01,2026-01-20 09:45:00,2026-01-20 10:00:00,963,2.99,41.791388,-87.573755,41.749687,-87.611438,41,69,17031000501,17031900503,True,False,1,10.61,14.86,SIMULATED; not a City of Chicago observation
syn-0-05-u02,2026-01-20 09:45:00,2026-01-20 10:15:00,1712,5.115,41.794977,-87.576345,41.749202,-87.60811,41,69,17031000502,17031900504,True,False,1,16.07,20.32,SIMULATED; not a City of Chicago observation
syn-0-05-u03,2026-01-20 09:45:00,2026-01-20 10:30:00,2555,2.677,41.796114,-87.577092,41.746885,-87.614529,41,69,17031000503,17031900500,True,False,1,16.04,20.29,SIMULATED; not a City of Chicago observation
syn-0-06-p00-0,2026-01-20 10:15:00,2026-01-20 10:45:00,1420,5.451,41.973017,-87.760108,41.921529,-87.705878,11,15,17031000603,17031900600,True,True,2,15.44,19.69,SIMULATED; not a City of Chicago observation
syn-0-06-p00-1,2026-01-20 10:15:00,2026-01-20 10:45:00,1416,5.463,41.972564,-87.758681,41.922374,-87.706453,11,15,17031000603,17031900600,True,True,2,15.43,19.68,SIMULATED; not a City of Chicago observation
syn-0-06-p01-0,2026-01-20 10:15:00,2026-01-20 10:45:00,1334,4.831,41.968577,-87.754508,41.923254,-87.703225,11,15,17031000600,17031900602,True,True,2,14.33,18.58,SIMULATED; not a City of Chicago observation
syn-0-06-p01-1,2026-01-20 10:15:00,2026-01-20 10:45:00,1406,5.262,41.967466,-87.755742,41.924214,-87.704224,11,15,17031000600,17031900602,True,True,2,15.14,19.39,SIMULATED; not a City of Chicago observation
syn-0-06-p02-0,2026-01-20 10:15:00,2026-01-20 10:45:00,1343,5.735,41.971661,-87.769055,41.930978,-87.705747,11,15,17031000602,17031900604,True,True,2,15.52,19.77,SIMULATED; not a City of Chicago observation
syn-0-06-p02-1,2026-01-20 10:15:00,2026-01-20 10:45:00,1439,5.547,41.971304,-87.769754,41.93183,-87.705145,11,15,17031000602,17031900604,True,True,2,15.63,19.88,SIMULATED; not a City of Chicago observation
syn-0-06-p03-0,2026-01-20 10:15:00,2026-01-20 10:45:00,1411,5.902,41.967661,-87.758412,41.922137,-87.705648,11,15,17031000603,17031900600,True,True,2,15.98,20.23,SIMULATED; not a City of Chicago observation
syn-0-06-p03-1,2026-01-20 10:15:00,2026-01-20 10:45:00,1450,5.773,41.966493,-87.759103,41.922062,-87.704735,11,15,17031000603,17031900600,True,True,2,15.95,20.2,SIMULATED; not a City of Chicago observation
syn-0-06-u00,2026-01-20 10:15:00,2026-01-20 10:30:00,687,7.952,41.965512,-87.742824,41.922634,-87.685378,11,15,17031000601,17031900604,True,False,1,15.95,20.2,SIMULATED; not a City of Chicago observation
syn-0-06-u01,2026-01-20 10:15:00,2026-01-20 10:30:00,1073,3.77,41.967668,-87.744155,41.920128,-87.691629,11,15,17031000602,17031900600,True,False,1,12.01,16.26,SIMULATED; not a City of Chicago observation
syn-0-06-u02,2026-01-20 10:15:00,2026-01-20 10:45:00,2042,6.746,41.970704,-87.746928,41.919622,-87.685981,11,15,17031000603,17031900601,True,False,1,19.37,23.62,SIMULATED; not a City of Chicago observation
syn-0-06-u03,2026-01-20 10:15:00,2026-01-20 11:00:00,2995,3.272,41.968367,-87.740998,41.921744,-87.688056,11,15,17031000604,17031900602,True,False,1,18.42,22.67,SIMULATED; not a City of Chicago observation
syn-0-07-p00-0,2026-01-20 11:00:00,2026-01-20 11:30:00,1708,6.888,41.75463,-87.626613,41.806818,-87.702732,69,66,17031000704,17031900702,True,True,2,18.33,22.58,SIMULATED; not a City of Chicago observation
syn-0-07-p00-1,2026-01-20 11:00:00,2026-01-20 11:30:00,1713,6.937,41.754837,-87.626136,41.806276,-87.701164,69,66,17031000704,17031900702,True,True,2,18.41,22.66,SIMULATED; not a City of Chicago observation
syn-0-07-p01-0,2026-01-20 11:00:00,2026-01-20 11:30:00,1745,6.934,41.750772,-87.628983,41.814425,-87.706499,69,66,17031000702,17031900700,True,True,2,18.52,22.77,SIMULATED; not a City of Chicago observation
syn-0-07-p01-1,2026-01-20 11:00:00,2026-01-20 11:30:00,1710,7.143,41.753666,-87.630181,41.813811,-87.699305,69,66,17031000703,17031900701,True,True,2,18.66,22.91,SIMULATED; not a City of Chicago observation
syn-0-07-p02-0,2026-01-20 11:00:00,2026-01-20 11:30:00,1667,7.274,41.746127,-87.62054,41.812272,-87.694846,69,66,17031000701,17031900704,True,True,2,18.67,22.92,SIMULATED; not a City of Chicago observation
syn-0-07-p02-1,2026-01-20 11:00:00,2026-01-20 11:30:00,1650,7.175,41.751174,-87.624928,41.808116,-87.697155,69,66,17031000703,17031900701,True,True,2,18.49,22.74,SIMULATED; not a City of Chicago observation
syn-0-07-p03-0,2026-01-20 11:00:00,2026-01-20 11:30:00,1713,7.307,41.752052,-87.621683,41.81566,-87.696065,69,66,17031000702,17031900700,True,True,2,18.89,23.14,SIMULATED; not a City of Chicago observation
syn-0-07-p03-1,2026-01-20 11:00:00,2026-01-20 11:30:00,1706,7.42,41.752319,-87.619357,41.815795,-87.698028,69,66,17031000702,17031900700,True,True,2,19.0,23.25,SIMULATED; not a City of Chicago observation
syn-0-07-u00,2026-01-20 11:00:00,2026-01-20 11:15:00,830,11.251,41.752081,-87.609323,41.808866,-87.688494,69,66,17031000702,17031900701,True,False,1,20.69,24.94,SIMULATED; not a City of Chicago observation
syn-0-07-u01,2026-01-20 11:00:00,2026-01-20 11:15:00,1402,5.299,41.753942,-87.611015,41.810963,-87.690871,69,66,17031000703,17031900702,True,False,1,15.17,19.42,SIMULATED; not a City of Chicago observation
syn-0-07-u02,2026-01-20 11:00:00,2026-01-20 11:45:00,2472,8.815,41.752351,-87.606182,41.813115,-87.692886,69,66,17031000704,17031900703,True,False,1,23.6,27.85,SIMULATED; not a City of Chicago observation
syn-0-07-u03,2026-01-20 11:00:00,2026-01-20 12:00:00,3711,4.362,41.750334,-87.61321,41.812436,-87.686092,69,66,17031000700,17031900704,True,False,1,22.44,26.69,SIMULATED; not a City of Chicago observation
syn-0-08-p00-0,2026-01-20 11:30:00,2026-01-20 11:45:00,726,1.533,41.884461,-87.61662,41.891727,-87.635797,8,8,17031000004,17031900000,True,True,2,7.87,12.12,SIMULATED; not a City of Chicago observation
syn-0-08-p00-1,2026-01-20 11:30:00,2026-01-20 11:45:00,690,1.595,41.885352,-87.615978,41.894386,-87.634748,8,8,17031000004,17031900000,True,True,2,7.82,12.07,SIMULATED; not a City of Chicago observation
syn-0-08-p01-0,2026-01-20 11:45:00,2026-01-20 12:00:00,717,1.71,41.886676,-87.626198,41.912922,-87.61378,8,8,17031000003,17031900004,True,True,2,8.07,12.32,SIMULATED; not a City of Chicago observation
syn-0-08-p01-1,2026-01-20 11:45:00,2026-01-20 11:45:00,728,1.622,41.886603,-87.626712,41.914243,-87.611457,8,8,17031000003,17031900004,True,True,2,8.0,12.25,SIMULATED; not a City of Chicago observation
syn-0-08-p02-0,2026-01-20 11:45:00,2026-01-20 12:00:00,710,1.624,41.882034,-87.623405,41.913704,-87.639535,8,8,17031000004,17031900000,True,True,2,7.93,12.18,SIMULATED; not a City of Chicago observation
syn-0-08-p02-1,2026-01-20 11:45:00,2026-01-20 12:00:00,691,1.557,41.882889,-87.622167,41.91402,-87.639039,8,8,17031000004,17031900000,True,True,2,7.78,12.03,SIMULATED; not a City of Chicago observation
syn-0-08-p03-0,2026-01-20 11:45:00,2026-01-20 12:00:00,672,1.712,41.889143,-87.627366,41.904123,-87.627842,8,8,17031000003,17031900004,True,True,2,7.91,12.16,SIMULATED; not a City of Chicago observation
syn-0-08-p03-1,2026-01-20 11:45:00,2026-01-20 12:00:00,705,1.67,41.886565,-87.624926,41.903521,-87.633431,8,8,17031000001,17031900002,True,True,2,7.97,12.22,SIMULATED; not a City of Chicago observation
syn-0-08-u00,2026-01-20 11:45:00,2026-01-20 11:45:00,357,2.477,41.886119,-87.612844,41.900368,-87.622968,8,8,17031000003,17031900000,True,False,1,7.73,11.98,SIMULATED; not a City of Chicago observation
syn-0-08-u01,2026-01-20 11:45:00,2026-01-20 11:45:00,571,1.245,41.884545,-87.608088,41.898791,-87.616669,8,8,17031000004,17031900001,True,False,1,6.94,11.19,SIMULATED; not a City of Chicago observation
syn-0-08-u02,2026-01-20 11:45:00,2026-01-20 12:00:00,1016,2.066,41.882564,-87.614872,41.899981,-87.620006,8,8,17031000000,17031900002,True,False,1,9.62,13.87,SIMULATED; not a City of Chicago observation
syn-0-08-u03,2026-01-20 11:45:00,2026-01-20 12:15:00,1506,1.046,41.88145,-87.610276,41.903226,-87.620424,8,8,17031000001,17031900003,True,False,1,10.11,14.36,SIMULATED; not a City of Chicago observation
syn-0-09-p00-0,2026-01-20 12:30:00,2026-01-20 12:45:00,1054,3.489,41.896301,-87.634937,41.937814,-87.654014,8,6,17031000100,17031900102,True,True,2,11.58,15.83,SIMULATED; not a City of Chicago observation
syn-0-09-p00-1,2026-01-20 12:30:00,2026-01-20 12:45:00,942,3.288,41.896868,-87.633938,41.936929,-87.652512,8,6,17031000100,17031900102,True,True,2,10.91,15.16,SIMULATED; not a City of Chicago observation
syn-0-09-p01-0,2026-01-20 12:30:00,2026-01-20 12:45:00,1162,3.428,41.895919,-87.631545,41.946724,-87.661334,8,6,17031000103,17031900100,True,True,2,11.9,16.15,SIMULATED; not a City of Chicago observation
syn-0-09-p01-1,2026-01-20 12:30:00,2026-01-20 12:45:00,1034,3.76,41.894616,-87.632207,41.947544,-87.661079,8,6,17031000103,17031900100,True,True,2,11.86,16.11,SIMULATED; not a City of Chicago observation
syn-0-09-p02-0,2026-01-20 12:30:00,2026-01-20 12:45:00,1116,3.593,41.898434,-87.636963,41.94577,-87.664078,8,6,17031000104,17031900101,True,True,2,11.94,16.19,SIMULATED; not a City of Chicago observation
syn-0-09-p02-1,2026-01-20 12:30:00,2026-01-20 12:45:00,1105,3.357,41.897318,-87.643332,41.947356,-87.663619,8,6,17031000100,17031900102,True,True,2,11.6,15.85,SIMULATED; not a City of Chicago observation
syn-0-09-p03-0,2026-01-20 12:30:00,2026-01-20 12:45:00,1162,3.356,41.902624,-87.632254,41.948196,-87.646732,8,6,17031000102,17031900104,True,True,2,11.81,16.06,SIMULATED; not a City of Chicago observation
syn-0-09-p03-1,2026-01-20 12:30:00,2026-01-20 12:45:00,1150,3.441,41.902631,-87.632583,41.949066,-87.646871,8,6,17031000102,17031900104,True,True,2,11.87,16.12,SIMULATED; not a City of Chicago observation
syn-0-09-u00,2026-01-20 12:30:00,2026-01-20 12:30:00,548,5.659,41.903937,-87.617614,41.942239,-87.634765,8,6,17031000104,17031900102,True,False,1,12.5,16.75,SIMULATED; not a City of Chicago observation
syn-0-09-u01,2026-01-20 12:30:00,2026-01-20 12:45:00,827,2.662,41.901727,-87.62494,41.944923,-87.635716,8,6,17031000100,17031900103,True,False,1,9.69,13.94,SIMULATED; not a City of Chicago observation
syn-0-09-u02,2026-01-20 12:30:00,2026-01-20 13:00:00,1589,4.679,41.901926,-87.61964,41.943109,-87.629978,8,6,17031000101,17031900104,True,False,1,15.07,19.32,SIMULATED; not a City of Chicago observation
syn-0-09-u03,2026-01-20 12:30:00,2026-01-20 13:00:00,2275,2.257,41.903178,-87.622469,41.941923,-87.636795,8,6,17031000102,17031900100,True,False,1,14.48,18.73,SIMULATED; not a City of Chicago observation
syn-0-10-p00-0,2026-01-20 13:00:00,2026-01-20 13:15:00,814,2.303,41.87484,-87.654765,41.851613,-87.643476,28,60,17031000203,17031900201,True,True,2,9.18,13.43,SIMULATED; not a City of Chicago observation
syn-0-10-p00-1,2026-01-20 13:00:00,2026-01-20 13:15:00,857,2.118,41.87031,-87.651281,41.85511,-87.641655,28,60,17031000201,17031900204,True,True,2,9.1,13.35,SIMULATED; not a City of Chicago observation
syn-0-10-p01-0,2026-01-20 13:15:00,2026-01-20 13:30:00,855,2.291,41.871004,-87.647224,41.845132,-87.653679,28,60,17031000202,17031900200,True,True,2,9.32,13.57,SIMULATED; not a City of Chicago observation
syn-0-10-p01-1,2026-01-20 13:15:00,2026-01-20 13:15:00,877,2.194,41.871169,-87.646592,41.847089,-87.65466,28,60,17031000202,17031900200,True,True,2,9.27,13.52,SIMULATED; not a City of Chicago observation
syn-0-10-p02-0,2026-01-20 13:15:00,2026-01-20 13:30:00,855,2.485,41.878759,-87.65587,41.844654,-87.664755,28,60,17031000202,17031900200,True,True,2,9.57,13.82,SIMULATED; not a City of Chicago observation
syn-0-10-p02-1,2026-01-20 13:15:00,2026-01-20 13:30:00,946,2.325,41.880451,-87.652066,41.845492,-87.657511,28,60,17031000204,17031900202,True,True,2,9.69,13.94,SIMULATED; not a City of Chicago observation
syn-0-10-p03-0,2026-01-20 13:15:00,2026-01-20 13:30:00,855,2.363,41.876315,-87.650388,41.853724,-87.662293,28,60,17031000200,17031900203,True,True,2,9.41,13.66,SIMULATED; not a City of Chicago observation
syn-0-10-p03-1,2026-01-20 13:15:00,2026-01-20 13:30:00,842,2.317,41.876495,-87.650775,41.852489,-87.661877,28,60,17031000200,17031900203,True,True,2,9.31,13.56,SIMULATED; not a City of Chicago observation
syn-0-10-u00,2026-01-20 13:15:00,2026-01-20 13:15:00,402,3.434,41.880559,-87.63979,41.85329,-87.628313,28,60,17031000200,17031900204,True,False,1,9.12,13.37,SIMULATED; not a City of Chicago observation
syn-0-10-u01,2026-01-20 13:15:00,2026-01-20 13:15:00,630,1.577,41.87998,-87.634122,41.850833,-87.636117,28,60,17031000201,17031900200,True,False,1,7.58,11.83,SIMULATED; not a City of Chicago observation
syn-0-10-u02,2026-01-20 13:15:00,2026-01-20 13:30:00,1166,2.792,41.882307,-87.63653,41.849952,-87.630945,28,60,17031000202,17031900201,True,False,1,11.1,15.35,SIMULATED; not a City of Chicago observation
syn-0-10-u03,2026-01-20 13:15:00,2026-01-20 13:45:00,1742,1.417,41.884961,-87.6378,41.851748,-87.633903,28,60,17031000203,17031900202,True,False,1,11.45,15.7,SIMULATED; not a City of Chicago observation
syn-0-11-p00-1,2026-01-20 13:45:00,2026-01-20 14:15:00,1447,5.761,41.845305,-87.646177,41.795785,-87.577371,60,41,17031000303,17031900302,True,True,2,15.93,20.18,SIMULATED; not a City of Chicago observation
syn-0-11-p00-0,2026-01-20 14:00:00,2026-01-20 14:15:00,1418,5.927,41.844991,-87.645618,41.795269,-87.578516,60,41,17031000303,17031900302,True,True,2,16.04,20.29,SIMULATED; not a City of Chicago observation
syn-0-11-p01-0,2026-01-20 14:00:00,2026-01-20 14:30:00,1550,5.57,41.846265,-87.650853,41.798441,-87.585203,60,41,17031000301,17031900300,True,True,2,16.06,20.31,SIMULATED; not a City of Chicago observation
syn-0-11-p01-1,2026-01-20 14:00:00,2026-01-20 14:15:00,1530,5.336,41.844398,-87.652154,41.796921,-87.582865,60,41,17031000301,17031900300,True,True,2,15.69,19.94,SIMULATED; not a City of Chicago observation
syn-0-11-p02-0,2026-01-20 14:00:00,2026-01-20 14:30:00,1479,5.578,41.845625,-87.649614,41.786214,-87.573746,60,41,17031000300,17031900304,True,True,2,15.81,20.06,SIMULATED; not a City of Chicago observation
syn-0-11-p02-1,2026-01-20 14:00:00,2026-01-20 14:30:00,1506,5.724,41.846418,-87.648312,41.785765,-87.572002,60,41,17031000300,17031900304,True,True,2,16.1,20.35,SIMULATED; not a City of Chicago observation
syn-0-11-p03-0,2026-01-20 14:00:00,2026-01-20 14:30:00,1574,5.726,41.851642,-87.650962,41.780346,-87.580967,60,41,17031000300,17031900304,True,True,2,16.35,20.6,SIMULATED; not a City of Chicago observation
syn-0-11-p03-1,2026-01-20 14:00:00,2026-01-20 14:30:00,1584,5.682,41.851937,-87.651207,41.780846,-87.580126,60,41,17031000300,17031900304,True,True,2,16.33,20.58,SIMULATED; not a City of Chicago observation
syn-0-11-u00,2026-01-20 14:00:00,2026-01-20 14:00:00,733,9.111,41.846569,-87.629727,41.79183,-87.570799,60,41,17031000301,17031900301,True,False,1,17.6,21.85,SIMULATED; not a City of Chicago observation
syn-0-11-u01,2026-01-20 14:00:00,2026-01-20 14:15:00,1161,4.249,41.849244,-87.630686,41.793544,-87.574419,60,41,17031000302,17031900302,True,False,1,12.95,17.2,SIMULATED; not a City of Chicago observation
syn-0-11-u02,2026-01-20 14:00:00,2026-01-20 14:30:00,2154,7.45,41.851017,-87.63323,41.795908,-87.57428,60,41,17031000303,17031900303,True,False,1,20.69,24.94,SIMULATED; not a City of Chicago observation
syn-0-11-u03,2026-01-20 14:00:00,2026-01-20 14:45:00,3032,3.592,41.850045,-87.627525,41.794234,-87.56993,60,41,17031000304,17031900304,True,False,1,18.96,23.21,SIMULATED; not a City of Chicago observation
syn-0-12-p00-0,2026-01-20 14:45:00,2026-01-20 15:00:00,1696,6.904,41.931349,-87.650627,41.962781,-87.749842,6,11,17031000402,17031900402,True,True,2,18.31,22.56,SIMULATED; not a City of Chicago observation
syn-0-12-p00-1,2026-01-20 14:45:00,2026-01-20 15:00:00,1681,6.834,41.93122,-87.648595,41.962823,-87.751917,6,11,17031000402,17031900402,True,True,2,18.16,22.41,SIMULATED; not a City of Chicago observation
syn-0-12-p01-0,2026-01-20 14:45:00,2026-01-20 15:15:00,1697,6.638,41.93863,-87.646393,41.979747,-87.757398,6,11,17031000402,17031900402,True,True,2,17.97,22.22,SIMULATED; not a City of Chicago observation
syn-0-12-p01-1,2026-01-20 14:45:00,2026-01-20 15:15:00,1642,6.735,41.938437,-87.645954,41.979466,-87.756825,6,11,17031000402,17031900402,True,True,2,17.89,22.14,SIMULATED; not a City of Chicago observation
syn-0-12-p02-0,2026-01-20 14:45:00,2026-01-20 15:15:00,1702,6.73,41.949212,-87.655889,41.967974,-87.749309,6,11,17031000404,17031900404,True,True,2,18.11,22.36,SIMULATED; not a City of Chicago observation
syn-0-12-p02-1,2026-01-20 14:45:00,2026-01-20 15:15:00,1631,6.666,41.950492,-87.653809,41.968605,-87.749036,6,11,17031000404,17031900404,True,True,2,17.76,22.01,SIMULATED; not a City of Chicago observation
syn-0-12-p03-0,2026-01-20 14:45:00,2026-01-20 15:15:00,1985,6.914,41.943418,-87.658943,41.968058,-87.76055,6,11,17031000403,17031900403,True,True,2,19.38,23.63,SIMULATED; not a City of Chicago observation
syn-0-12-p03-1,2026-01-20 14:45:00,2026-01-20 15:15:00,1839,7.385,41.942828,-87.658869,41.968293,-87.760776,6,11,17031000403,17031900403,True,True,2,19.44,23.69,SIMULATED; not a City of Chicago observation
syn-0-12-u00,2026-01-20 14:45:00,2026-01-20 15:00:00,813,10.545,41.940084,-87.63885,41.969644,-87.744871,6,11,17031000402,17031900403,True,False,1,19.73,23.98,SIMULATED; not a City of Chicago observation
syn-0-12-u01,2026-01-20 14:45:00,2026-01-20 15:00:00,1386,5.239,41.941024,-87.641564,41.968759,-87.738733,6,11,17031000403,17031900404,True,False,1,15.04,19.29,SIMULATED; not a City of Chicago observation
syn-0-12-u02,2026-01-20 14:45:00,2026-01-20 15:30:00,2596,8.742,41.940385,-87.636841,41.966273,-87.745165,6,11,17031000404,17031900400,True,False,1,23.96,28.21,SIMULATED; not a City of Chicago observation
syn-0-12-u03,2026-01-20 14:45:00,2026-01-20 15:45:00,3539,4.395,41.938103,-87.64291,41.965236,-87.740739,6,11,17031000400,17031900401,True,False,1,21.85,26.1,SIMULATED; not a City of Chicago observation
syn-0-13-p00-1,2026-01-20 15:15:00,2026-01-20 15:45:00,1193,4.672,41.792839,-87.579192,41.755132,-87.632868,41,69,17031000501,17031900502,True,True,2,13.6,17.85,SIMULATED; not a City of Chicago observation
syn-0-13-p01-0,2026-01-20 15:15:00,2026-01-20 15:45:00,1240,4.176,41.786992,-87.589805,41.748236,-87.609752,41,69,17031000500,17031900501,True,True,2,13.14,17.39,SIMULATED; not a City of Chicago observation
syn-0-13-u00,2026-01-20 15:15:00,2026-01-20 15:30:00,614,6.586,41.793995,-87.575539,41.749249,-87.610449,41,69,17031000503,17031900500,True,False,1,13.93,18.18,SIMULATED; not a City of Chicago observation
syn-0-13-u01,2026-01-20 15:15:00,2026-01-20 15:45:00,977,3.113,41.793335,-87.570015,41.746848,-87.607209,41,69,17031000504,17031900501,True,False,1,10.82,15.07,SIMULATED; not a City of Chicago observation
syn-0-13-p00-0,2026-01-20 15:30:00,2026-01-20 15:45:00,1241,4.48,41.792774,-87.579237,41.754401,-87.63104,41,69,17031000501,17031900502,True,True,2,13.53,17.78,SIMULATED; not a City of Chicago observation
syn-0-13-p01-1,2026-01-20 15:30:00,2026-01-20 15:45:00,1246,4.226,41.786704,-87.589313,41.748759,-87.609187,41,69,17031000500,17031900501,True,True,2,13.23,17.48,SIMULATED; not a City of Chicago observation
syn-0-13-p02-0,2026-01-20 15:30:00,2026-01-20 15:45:00,1139,4.037,41.790708,-87.586127,41.747817,-87.631716,41,69,17031000502,17031900503,True,True,2,12.59,16.84,SIMULATED; not a City of Chicago observation
syn-0-13-p02-1,2026-01-20 15:30:00,2026-01-20 15:45:00,1344,4.187,41.790835,-87.587444,41.748377,-87.631928,41,69,17031000502,17031900503,True,True,2,13.54,17.79,SIMULATED; not a City of Chicago observation
syn-0-13-p03-0,2026-01-20 15:30:00,2026-01-20 15:45:00,1273,4.42,41.794498,-87.59764,41.745161,-87.620661,41,69,17031000500,17031900501,True,True,2,13.57,17.82,SIMULATED; not a City of Chicago observation
syn-0-13-p03-1,2026-01-20 15:30:00,2026-01-20 15:45:00,1293,4.27,41.793944,-87.593637,41.74594,-87.622982,41,69,17031000501,17031900502,True,True,2,13.46,17.71,SIMULATED; not a City of Chicago observation
syn-0-13-u02,2026-01-20 15:30:00,2026-01-20 15:45:00,1774,5.396,41.790616,-87.577624,41.749609,-87.607876,41,69,17031000500,17031900502,True,False,1,16.66,20.91,SIMULATED; not a City of Chicago observation
syn-0-13-u03,2026-01-20 15:30:00,2026-01-20 16:00:00,2506,2.688,41.790058,-87.571982,41.750817,-87.610296,41,69,17031000501,17031900503,True,False,1,15.88,20.13,SIMULATED; not a City of Chicago observation
syn-0-14-p00-0,2026-01-20 16:00:00,2026-01-20 16:15:00,1277,5.436,41.966176,-87.75363,41.926765,-87.703311,11,15,17031000601,17031900603,True,True,2,14.89,19.14,SIMULATED; not a City of Chicago observation
syn-0-14-p00-1,2026-01-20 16:00:00,2026-01-20 16:15:00,1222,5.083,41.966255,-87.754368,41.925585,-87.704048,11,15,17031000601,17031900603,True,True,2,14.24,18.49,SIMULATED; not a City of Chicago observation
syn-0-14-p01-0,2026-01-20 16:00:00,2026-01-20 16:30:00,1443,5.228,41.97198,-87.762006,41.924062,-87.705009,11,15,17031000602,17031900604,True,True,2,15.23,19.48,SIMULATED; not a City of Chicago observation
syn-0-14-p01-1,2026-01-20 16:00:00,2026-01-20 16:30:00,1527,5.353,41.969494,-87.76184,41.92494,-87.709835,11,15,17031000601,17031900603,True,True,2,15.7,19.95,SIMULATED; not a City of Chicago observation
syn-0-14-p02-0,2026-01-20 16:00:00,2026-01-20 16:30:00,1676,5.481,41.975348,-87.764082,41.911893,-87.699231,11,15,17031000603,17031900600,True,True,2,16.41,20.66,SIMULATED; not a City of Chicago observation
syn-0-14-p02-1,2026-01-20 16:00:00,2026-01-20 16:30:00,1655,5.313,41.975186,-87.763545,41.911382,-87.699525,11,15,17031000603,17031900600,True,True,2,16.12,20.37,SIMULATED; not a City of Chicago observation
syn-0-14-p03-0,2026-01-20 16:00:00,2026-01-20 16:30:00,1442,5.913,41.967098,-87.761715,41.927516,-87.698193,11,15,17031000602,17031900604,True,True,2,16.11,20.36,SIMULATED; not a City of Chicago observation
syn-0-14-p03-1,2026-01-20 16:00:00,2026-01-20 16:30:00,1314,5.752,41.968475,-87.757671,41.92427,-87.698692,11,15,17031000604,17031900601,True,True,2,15.43,19.68,SIMULATED; not a City of Chicago observation
syn-0-14-u00,2026-01-20 16:00:00,2026-01-20 16:15:00,694,8.202,41.967785,-87.740036,41.919643,-87.690134,11,15,17031000604,17031900602,True,False,1,16.29,20.54,SIMULATED; not a City of Chicago observation
syn-0-14-u01,2026-01-20 16:00:00,2026-01-20 16:15:00,1120,3.744,41.966705,-87.746434,41.92192,-87.691775,11,15,17031000600,17031900603,True,False,1,12.15,16.4,SIMULATED; not a City of Chicago observation
syn-0-14-u02,2026-01-20 16:00:00,2026-01-20 16:30:00,1993,6.461,41.96453,-87.740647,41.920445,-87.686501,11,15,17031000601,17031900604,True,False,1,18.83,23.08,SIMULATED; not a City of Chicago observation
syn-0-14-u03,2026-01-20 16:00:00,2026-01-20 16:45:00,2898,3.179,41.968103,-87.744057,41.918208,-87.693571,11,15,17031000602,17031900600,True,False,1,17.94,22.19,SIMULATED; not a City of Chicago observation
syn-0-15-p00-0,2026-01-20 16:45:00,2026-01-20 17:15:00,1639,7.377,41.748743,-87.629703,41.806771,-87.699263,69,66,17031000703,17031900701,True,True,2,18.7,22.95,SIMULATED; not a City of Chicago observation
syn-0-15-p00-1,2026-01-20 16:45:00,2026-01-20 17:15:00,1699,7.31,41.749965,-87.63009,41.808388,-87.699506,69,66,17031000703,17031900701,True,True,2,18.84,23.09,SIMULATED; not a City of Chicago observation
syn-0-15-p01-0,2026-01-20 16:45:00,2026-01-20 17:15:00,1725,6.813,41.746595,-87.626993,41.807855,-87.717448,69,66,17031000700,17031900703,True,True,2,18.3,22.55,SIMULATED; not a City of Chicago observation
syn-0-15-p01-1,2026-01-20 16:45:00,2026-01-20 17:15:00,1744,7.059,41.745773,-87.626399,41.808161,-87.716883,69,66,17031000700,17031900703,True,True,2,18.68,22.93,SIMULATED; not a City of Chicago observation
syn-0-15-p02-0,2026-01-20 16:45:00,2026-01-20 17:15:00,1690,7.109,41.756562,-87.629117,41.81007,-87.696678,69,66,17031000703,17031900701,True,True,2,18.55,22.8,SIMULATED; not a City of Chicago observation
syn-0-15-p02-1,2026-01-20 16:45:00,2026-01-20 17:15:00,1713,7.255,41.756664,-87.627329,41.81112,-87.694139,69,66,17031000703,17031900701,True,True,2,18.82,23.07,SIMULATED; not a City of Chicago observation
syn-0-15-p03-0,2026-01-20 16:45:00,2026-01-20 17:15:00,1845,7.446,41.751052,-87.628918,41.809475,-87.70624,69,66,17031000700,17031900703,True,True,2,19.55,23.8,SIMULATED; not a City of Chicago observation
syn-0-15-p03-1,2026-01-20 16:45:00,2026-01-20 17:15:00,1749,7.346,41.755191,-87.62691,41.80513,-87.700055,69,66,17031000703,17031900701,True,True,2,19.07,23.32,SIMULATED; not a City of Chicago observation
syn-0-15-u00,2026-01-20 16:45:00,2026-01-20 17:00:00,847,10.905,41.749061,-87.613837,41.81514,-87.685782,69,66,17031000700,17031900704,True,False,1,20.31,24.56,SIMULATED; not a City of Chicago observation
syn-0-15-u01,2026-01-20 16:45:00,2026-01-20 17:15:00,1380,4.965,41.748079,-87.608856,41.81234,-87.692038,69,66,17031000701,17031900700,True,False,1,14.66,18.91,SIMULATED; not a City of Chicago observation
syn-0-15-u02,2026-01-20 16:45:00,2026-01-20 17:30:00,2487,8.72,41.749987,-87.611198,41.811415,-87.686371,69,66,17031000702,17031900701,True,False,1,23.53,27.78,SIMULATED; not a City of Chicago observation
syn-0-15-u03,2026-01-20 16:45:00,2026-01-20 17:45:00,3498,4.508,41.752402,-87.612547,41.813224,-87.690244,69,66,17031000703,17031900702,True,False,1,21.85,26.1,SIMULATED; not a City of Chicago observation
syn-0-16-p00-0,2026-01-20 17:30:00,2026-01-20 17:45:00,790,1.719,41.884385,-87.628512,41.908692,-87.63789,8,8,17031000001,17031900002,True,True,2,8.35,12.6,SIMULATED; not a City of Chicago observation
syn-0-16-p00-1,2026-01-20 17:30:00,2026-01-20 17:45:00,745,1.695,41.885608,-87.635485,41.905685,-87.634154,8,8,17031000000,17031900001,True,True,2,8.15,12.4,SIMULATED; not a City of Chicago observation
syn-0-16-p01-0,2026-01-20 17:30:00,2026-01-20 17:45:00,683,1.436,41.878752,-87.62755,41.899686,-87.6456,8,8,17031000001,17031900002,True,True,2,7.59,11.84,SIMULATED; not a City of Chicago observation
syn-0-16-p01-1,2026-01-20 17:30:00,2026-01-20 17:45:00,695,1.564,41.883208,-87.631605,41.901722,-87.642425,8,8,17031000003,17031900004,True,True,2,7.8,12.05,SIMULATED; not a City of Chicago observation
syn-0-16-p02-0,2026-01-20 17:30:00,2026-01-20 17:45:00,671,1.544,41.880501,-87.627399,41.902056,-87.621171,8,8,17031000000,17031900001,True,True,2,7.69,11.94,SIMULATED; not a City of Chicago observation
syn-0-16-p02-1,2026-01-20 17:30:00,2026-01-20 17:45:00,702,1.567,41.880329,-87.621715,41.904672,-87.623229,8,8,17031000001,17031900002,True,True,2,7.83,12.08,SIMULATED; not a City of Chicago observation
syn-0-16-p03-0,2026-01-20 17:30:00,2026-01-20 17:45:00,781,1.721,41.882943,-87.624392,41.900129,-87.629398,8,8,17031000002,17031900003,True,True,2,8.32,12.57,SIMULATED; not a City of Chicago observation
syn-0-16-p03-1,2026-01-20 17:30:00,2026-01-20 17:45:00,844,1.609,41.883345,-87.625759,41.900695,-87.626015,8,8,17031000002,17031900003,True,True,2,8.4,12.65,SIMULATED; not a City of Chicago observation
syn-0-16-u00,2026-01-20 17:30:00,2026-01-20 17:30:00,354,2.557,41.879789,-87.611033,41.901666,-87.620164,8,8,17031000001,17031900003,True,False,1,7.82,12.07,SIMULATED; not a City of Chicago observation
syn-0-16-u01,2026-01-20 17:30:00,2026-01-20 17:45:00,567,1.187,41.881026,-87.612344,41.899929,-87.614139,8,8,17031000002,17031900004,True,False,1,6.85,11.1,SIMULATED; not a City of Chicago observation
syn-0-16-u02,2026-01-20 17:30:00,2026-01-20 17:45:00,1055,2.025,41.884102,-87.614742,41.897866,-87.62149,8,8,17031000003,17031900000,True,False,1,9.71,13.96,SIMULATED; not a City of Chicago observation
syn-0-16-u03,2026-01-20 17:30:00,2026-01-20 18:00:00,1501,1.046,41.882283,-87.609658,41.897131,-87.617696,8,8,17031000004,17031900001,True,False,1,10.09,14.34,SIMULATED; not a City of Chicago observation
syn-0-17-p00-0,2026-01-20 18:15:00,2026-01-20 18:30:00,1030,3.286,41.898831,-87.624606,41.940368,-87.653252,8,6,17031000104,17031900101,True,True,2,11.23,15.48,SIMULATED; not a City of Chicago observation
syn-0-17-p00-1,2026-01-20 18:15:00,2026-01-20 18:30:00,1049,3.392,41.894495,-87.624179,41.943348,-87.65921,8,6,17031000101,17031900103,True,True,2,11.44,15.69,SIMULATED; not a City of Chicago observation
syn-0-17-p01-0,2026-01-20 18:15:00,2026-01-20 18:30:00,1063,4.131,41.90623,-87.645036,41.931385,-87.644613,8,6,17031000103,17031900100,True,True,2,12.44,16.69,SIMULATED; not a City of Chicago observation
syn-0-17-p01-1,2026-01-20 18:15:00,2026-01-20 18:30:00,1090,3.961,41.90611,-87.645294,41.93048,-87.64485,8,6,17031000103,17031900100,True,True,2,12.32,16.57,SIMULATED; not a City of Chicago observation
syn-0-17-p02-0,2026-01-20 18:15:00,2026-01-20 18:45:00,1159,3.557,41.896924,-87.630646,41.956085,-87.659518,8,6,17031000101,17031900103,True,True,2,12.05,16.3,SIMULATED; not a City of Chicago observation
syn-0-17-p02-1,2026-01-20 18:15:00,2026-01-20 18:45:00,1114,3.556,41.896139,-87.630759,41.955692,-87.658846,8,6,17031000101,17031900103,True,True,2,11.88,16.13,SIMULATED; not a City of Chicago observation
syn-0-17-p03-0,2026-01-20 18:15:00,2026-01-20 18:45:00,1161,3.753,41.895159,-87.636274,41.938543,-87.652172,8,6,17031000101,17031900103,True,True,2,12.31,16.56,SIMULATED; not a City of Chicago observation
syn-0-17-p03-1,2026-01-20 18:15:00,2026-01-20 18:45:00,1170,3.705,41.897885,-87.637352,41.938433,-87.644639,8,6,17031000102,17031900104,True,True,2,12.28,16.53,SIMULATED; not a City of Chicago observation
syn-0-17-u00,2026-01-20 18:15:00,2026-01-20 18:15:00,512,5.368,41.900556,-87.621164,41.939854,-87.638787,8,6,17031000102,17031900100,True,False,1,12.0,16.25,SIMULATED; not a City of Chicago observation
syn-0-17-u01,2026-01-20 18:15:00,2026-01-20 18:30:00,870,2.59,41.902645,-87.623151,41.939602,-87.631346,8,6,17031000103,17031900101,True,False,1,9.76,14.01,SIMULATED; not a City of Chicago observation
syn-0-17-u02,2026-01-20 18:15:00,2026-01-20 18:30:00,1542,4.366,41.901345,-87.617829,41.94184,-87.633601,8,6,17031000104,17031900102,True,False,1,14.49,18.74,SIMULATED; not a City of Chicago observation
syn-0-17-u03,2026-01-20 18:15:00,2026-01-20 18:45:00,2252,2.297,41.899881,-87.624177,41.943946,-87.635897,8,6,17031000100,17031900103,True,False,1,14.45,18.7,SIMULATED; not a City of Chicago observation
syn-0-18-p02-0,2026-01-20 18:45:00,2026-01-20 19:15:00,926,2.272,41.886403,-87.641956,41.850772,-87.637846,28,60,17031000204,17031900202,True,True,2,9.55,13.8,SIMULATED; not a City of Chicago observation
syn-0-18-u00,2026-01-20 18:45:00,2026-01-20 19:00:00,390,3.524,41.878278,-87.636396,41.853069,-87.634058,28,60,17031000203,17031900202,True,False,1,9.19,13.44,SIMULATED; not a City of Chicago observation
syn-0-18-u01,2026-01-20 18:45:00,2026-01-20 19:00:00,659,1.694,41.877463,-87.631548,41.85412,-87.63544,28,60,17031000204,17031900203,True,False,1,7.84,12.09,SIMULATED; not a City of Chicago observation
syn-0-18-u02,2026-01-20 18:45:00,2026-01-20 19:15:00,1212,2.601,41.87522,-87.638948,41.853016,-87.629081,28,60,17031000200,17031900204,True,False,1,11.02,15.27,SIMULATED; not a City of Chicago observation
syn-0-18-u03,2026-01-20 18:45:00,2026-01-20 19:15:00,1672,1.412,41.874434,-87.632966,41.85096,-87.636289,28,60,17031000201,17031900200,True,False,1,11.19,15.44,SIMULATED; not a City of Chicago observation
syn-0-18-p00-0,2026-01-20 19:00:00,2026-01-20 19:00:00,712,2.205,41.877969,-87.645911,41.851147,-87.652084,28,60,17031000200,17031900203,True,True,2,8.68,12.93,SIMULATED; not a City of Chicago observation
syn-0-18-p00-1,2026-01-20 19:00:00,2026-01-20 19:15:00,777,2.07,41.877736,-87.645495,41.852207,-87.651529,28,60,17031000200,17031900203,True,True,2,8.75,13.0,SIMULATED; not a City of Chicago observation
syn-0-18-p01-0,2026-01-20 19:00:00,2026-01-20 19:15:00,866,2.26,41.878551,-87.650805,41.848328,-87.654011,28,60,17031000201,17031900204,True,True,2,9.32,13.57,SIMULATED; not a City of Chicago observation
syn-0-18-p01-1,2026-01-20 19:00:00,2026-01-20 19:15:00,808,2.127,41.877221,-87.650728,41.847573,-87.652209,28,60,17031000201,17031900204,True,True,2,8.94,13.19,SIMULATED; not a City of Chicago observation
syn-0-18-p02-1,2026-01-20 19:00:00,2026-01-20 19:15:00,939,2.25,41.886796,-87.641069,41.850265,-87.638211,28,60,17031000204,17031900202,True,True,2,9.57,13.82,SIMULATED; not a City of Chicago observation
syn-0-18-p03-0,2026-01-20 19:00:00,2026-01-20 19:15:00,826,2.108,41.878936,-87.650646,41.844983,-87.645001,28,60,17031000204,17031900202,True,True,2,8.98,13.23,SIMULATED; not a City of Chicago observation
syn-0-18-p03-1,2026-01-20 19:00:00,2026-01-20 19:15:00,798,2.157,41.875829,-87.657325,41.846709,-87.648063,28,60,17031000200,17031900203,True,True,2,8.94,13.19,SIMULATED; not a City of Chicago observation
syn-0-19-p00-0,2026-01-20 19:45:00,2026-01-20 20:00:00,1577,5.928,41.846474,-87.648193,41.79314,-87.593547,60,41,17031000300,17031900304,True,True,2,16.62,20.87,SIMULATED; not a City of Chicago observation
syn-0-19-p00-1,2026-01-20 19:45:00,2026-01-20 20:00:00,1551,6.247,41.84958,-87.646819,41.792284,-87.598254,60,41,17031000303,17031900302,True,True,2,16.93,21.18,SIMULATED; not a City of Chicago observation
syn-0-19-p01-0,2026-01-20 19:45:00,2026-01-20 20:00:00,1496,5.615,41.846997,-87.639861,41.790632,-87.587907,60,41,17031000302,17031900301,True,True,2,15.92,20.17,SIMULATED; not a City of Chicago observation
syn-0-19-p01-1,2026-01-20 19:45:00,2026-01-20 20:00:00,1447,5.637,41.84801,-87.640662,41.792518,-87.587675,60,41,17031000302,17031900301,True,True,2,15.77,20.02,SIMULATED; not a City of Chicago observation
syn-0-19-p02-0,2026-01-20 19:45:00,2026-01-20 20:15:00,1524,5.824,41.85365,-87.635553,41.800758,-87.587117,60,41,17031000304,17031900303,True,True,2,16.29,20.54,SIMULATED; not a City of Chicago observation
syn-0-19-p02-1,2026-01-20 19:45:00,2026-01-20 20:15:00,1611,5.693,41.8549,-87.640766,41.797665,-87.583198,60,41,17031000303,17031900302,True,True,2,16.44,20.69,SIMULATED; not a City of Chicago observation
syn-0-19-p03-0,2026-01-20 19:45:00,2026-01-20 20:15:00,1524,5.669,41.854639,-87.643158,41.785485,-87.59829,60,41,17031000303,17031900302,True,True,2,16.1,20.35,SIMULATED; not a City of Chicago observation
syn-0-19-p03-1,2026-01-20 19:45:00,2026-01-20 20:15:00,1523,5.548,41.849613,-87.638492,41.785405,-87.601431,60,41,17031000301,17031900300,True,True,2,15.93,20.18,SIMULATED; not a City of Chicago observation
syn-0-19-u00,2026-01-20 19:45:00,2026-01-20 19:45:00,715,8.847,41.850803,-87.626595,41.796307,-87.569211,60,41,17031000304,17031900304,True,False,1,17.19,21.44,SIMULATED; not a City of Chicago observation
syn-0-19-u01,2026-01-20 19:45:00,2026-01-20 20:00:00,1197,4.119,41.849039,-87.633769,41.794524,-87.577814,60,41,17031000300,17031900300,True,False,1,12.91,17.16,SIMULATED; not a City of Chicago observation
syn-0-19-u02,2026-01-20 19:45:00,2026-01-20 20:15:00,2207,6.92,41.847569,-87.629492,41.792698,-87.571988,60,41,17031000301,17031900301,True,False,1,20.2,24.45,SIMULATED; not a City of Chicago observation
syn-0-19-u03,2026-01-20 19:45:00,2026-01-20 20:30:00,3090,3.641,41.849737,-87.630275,41.794947,-87.573741,60,41,17031000302,17031900302,True,False,1,19.24,23.49,SIMULATED; not a City of Chicago observation
