scorer,true_regret,truth,raw_lower,raw_upper,raw_width,raw_covers,calibrated_matching_retained,calibrated_lower,calibrated_upper,calibrated_width,calibrated_covers,arbitrary_matching_retained,arbitrary_lower,arbitrary_upper,arbitrary_width,arbitrary_covers,max_score_absolute_error,market_index
target_free,0.012306848144471784,0.3333333333333333,0.0,1.0,1.0,True,True,0.0,1.0,1.0,True,True,0.3333333333333333,0.3333333333333333,0.0,True,0.0,0
query_leaking,0.0745412984103281,0.3333333333333333,0.0,1.0,1.0,True,True,0.0,1.0,1.0,True,False,0.6666666666666666,1.0,0.33333333333333337,False,0.3333333333333333,0
target_free,0.10846615601290807,0.6666666666666666,0.0,1.0,1.0,True,True,0.0,1.0,1.0,True,False,0.3333333333333333,0.6666666666666666,0.3333333333333333,True,0.3333333333333333,1
query_leaking,0.1287541063059157,0.6666666666666666,0.0,1.0,1.0,True,True,0.0,1.0,1.0,True,False,1.0,1.0,0.0,False,0.33333333333333337,1
target_free,0.12773062671651372,0.5,0.16666666666666666,0.8333333333333334,0.6666666666666667,True,True,0.16666666666666666,0.8333333333333334,0.6666666666666667,True,False,0.16666666666666666,0.5,0.33333333333333337,True,0.0,2
query_leaking,0.18849495876032113,0.5,0.16666666666666666,0.8333333333333334,0.6666666666666667,True,True,0.16666666666666666,0.8333333333333334,0.6666666666666667,True,False,0.8333333333333334,0.8333333333333334,0.0,False,0.33333333333333337,2
target_free,0.054445896379104956,0.3333333333333333,0.3333333333333333,1.0,0.6666666666666667,True,True,0.3333333333333333,1.0,0.6666666666666667,True,False,0.3333333333333333,0.3333333333333333,0.0,True,0.0,3
query_leaking,0.2939680646449162,0.3333333333333333,0.3333333333333333,1.0,0.6666666666666667,True,True,0.3333333333333333,1.0,0.6666666666666667,True,False,1.0,1.0,0.0,False,0.6666666666666667,3
target_free,0.1506209319702593,0.5,0.16666666666666666,0.8333333333333334,0.6666666666666667,True,True,0.16666666666666666,0.8333333333333334,0.6666666666666667,True,False,0.5,0.8333333333333334,0.33333333333333337,True,0.33333333333333337,4
query_leaking,0.26800705808389724,0.5,0.16666666666666666,0.8333333333333334,0.6666666666666667,True,True,0.5,0.8333333333333334,0.33333333333333337,True,False,0.8333333333333334,0.8333333333333334,0.0,False,0.33333333333333337,4
target_free,0.0961610602688965,0.6666666666666666,0.6666666666666666,1.0,0.33333333333333337,True,True,0.6666666666666666,1.0,0.33333333333333337,True,False,0.6666666666666666,1.0,0.33333333333333337,True,0.0,5
query_leaking,0.24967544524072133,0.6666666666666666,0.6666666666666666,1.0,0.33333333333333337,True,True,0.6666666666666666,1.0,0.33333333333333337,True,False,1.0,1.0,0.0,False,0.33333333333333337,5
target_free,0.25892902873550927,0.6666666666666666,0.3333333333333333,1.0,0.6666666666666667,True,True,0.3333333333333333,1.0,0.6666666666666667,True,False,0.6666666666666666,0.6666666666666666,0.0,True,0.0,6
query_leaking,0.20839734891637707,0.6666666666666666,0.3333333333333333,1.0,0.6666666666666667,True,True,0.3333333333333333,1.0,0.6666666666666667,True,False,0.6666666666666666,1.0,0.33333333333333337,True,0.0,6
target_free,0.020944441053873657,0.6666666666666666,0.6666666666666666,1.0,0.33333333333333337,True,True,0.6666666666666666,1.0,0.33333333333333337,True,True,0.6666666666666666,1.0,0.33333333333333337,True,0.0,7
query_leaking,0.2425804024419138,0.6666666666666666,0.6666666666666666,1.0,0.33333333333333337,True,True,0.6666666666666666,1.0,0.33333333333333337,True,False,1.0,1.0,0.0,False,0.33333333333333337,7
target_free,0.045520479214934226,0.8333333333333334,0.16666666666666666,0.8333333333333334,0.6666666666666667,True,True,0.16666666666666666,0.8333333333333334,0.6666666666666667,True,True,0.8333333333333334,0.8333333333333334,0.0,True,0.0,8
query_leaking,0.033362473086696355,0.8333333333333334,0.16666666666666666,0.8333333333333334,0.6666666666666667,True,True,0.16666666666666666,0.8333333333333334,0.6666666666666667,True,True,0.8333333333333334,0.8333333333333334,0.0,True,0.0,8
target_free,0.11217437122117048,0.6666666666666666,0.3333333333333333,1.0,0.6666666666666667,True,True,0.3333333333333333,1.0,0.6666666666666667,True,False,0.6666666666666666,0.6666666666666666,0.0,True,0.0,9
query_leaking,0.09947959061596007,0.6666666666666666,0.3333333333333333,1.0,0.6666666666666667,True,True,0.3333333333333333,1.0,0.6666666666666667,True,False,0.6666666666666666,0.6666666666666666,0.0,True,0.0,9
target_free,0.4321425451467105,0.5,0.16666666666666666,0.8333333333333334,0.6666666666666667,True,False,0.16666666666666666,0.8333333333333334,0.6666666666666667,True,False,0.5,0.8333333333333334,0.33333333333333337,True,0.0,10
query_leaking,0.47055775619303114,0.5,0.16666666666666666,0.8333333333333334,0.6666666666666667,True,True,0.5,0.8333333333333334,0.33333333333333337,True,False,0.8333333333333334,0.8333333333333334,0.0,False,0.33333333333333337,10
target_free,0.0,0.16666666666666666,0.16666666666666666,0.8333333333333334,0.6666666666666667,True,True,0.16666666666666666,0.8333333333333334,0.6666666666666667,True,True,0.16666666666666666,0.16666666666666666,0.0,True,0.0,11
query_leaking,0.22688135149881472,0.16666666666666666,0.16666666666666666,0.8333333333333334,0.6666666666666667,True,True,0.16666666666666666,0.8333333333333334,0.6666666666666667,True,False,0.8333333333333334,0.8333333333333334,0.0,False,0.6666666666666667,11
target_free,0.07394305702319404,0.5,0.16666666666666666,0.8333333333333334,0.6666666666666667,True,True,0.16666666666666666,0.8333333333333334,0.6666666666666667,True,False,0.5,0.8333333333333334,0.33333333333333337,True,0.0,12
query_leaking,0.18522864069798523,0.5,0.16666666666666666,0.8333333333333334,0.6666666666666667,True,True,0.16666666666666666,0.8333333333333334,0.6666666666666667,True,False,0.8333333333333334,0.8333333333333334,0.0,False,0.33333333333333337,12
target_free,0.46577295553056086,0.5,0.16666666666666666,0.8333333333333334,0.6666666666666667,True,False,0.16666666666666666,0.8333333333333334,0.6666666666666667,True,False,0.5,0.5,0.0,True,0.0,13
query_leaking,0.4703846897112038,0.5,0.16666666666666666,0.8333333333333334,0.6666666666666667,True,True,0.5,0.8333333333333334,0.33333333333333337,True,False,0.8333333333333334,0.8333333333333334,0.0,False,0.33333333333333337,13
target_free,0.027682916289162442,0.5,0.5,0.8333333333333334,0.33333333333333337,True,True,0.5,0.8333333333333334,0.33333333333333337,True,True,0.5,0.8333333333333334,0.33333333333333337,True,0.33333333333333337,14
query_leaking,0.19551202934776402,0.5,0.5,0.8333333333333334,0.33333333333333337,True,True,0.5,0.8333333333333334,0.33333333333333337,True,False,0.8333333333333334,0.8333333333333334,0.0,False,0.33333333333333337,14
target_free,0.008647353374976505,0.5,0.5,0.8333333333333334,0.33333333333333337,True,True,0.5,0.8333333333333334,0.33333333333333337,True,True,0.5,0.5,0.0,True,0.0,15
query_leaking,0.18206599802357812,0.5,0.5,0.8333333333333334,0.33333333333333337,True,True,0.5,0.8333333333333334,0.33333333333333337,True,False,0.8333333333333334,0.8333333333333334,0.0,False,0.33333333333333337,15
target_free,0.0,0.6666666666666666,0.0,1.0,1.0,True,True,0.3333333333333333,1.0,0.6666666666666667,True,True,0.3333333333333333,0.6666666666666666,0.3333333333333333,True,0.0,16
query_leaking,0.0,0.6666666666666666,0.0,1.0,1.0,True,True,0.3333333333333333,1.0,0.6666666666666667,True,True,0.6666666666666666,1.0,0.33333333333333337,True,0.0,16
target_free,0.19598965755217806,0.5,0.5,0.8333333333333334,0.33333333333333337,True,True,0.5,0.8333333333333334,0.33333333333333337,True,False,0.5,0.8333333333333334,0.33333333333333337,True,0.0,17
query_leaking,0.35637685789853873,0.5,0.5,0.8333333333333334,0.33333333333333337,True,True,0.5,0.8333333333333334,0.33333333333333337,True,False,0.8333333333333334,0.8333333333333334,0.0,False,0.33333333333333337,17
target_free,0.11965574559269564,0.6666666666666666,0.3333333333333333,1.0,0.6666666666666667,True,True,0.3333333333333333,1.0,0.6666666666666667,True,False,0.3333333333333333,0.3333333333333333,0.0,False,0.3333333333333333,18
query_leaking,0.07198273008675553,0.6666666666666666,0.3333333333333333,1.0,0.6666666666666667,True,True,0.3333333333333333,1.0,0.6666666666666667,True,False,0.6666666666666666,1.0,0.33333333333333337,True,0.33333333333333337,18
target_free,0.07762008142418524,0.5,0.16666666666666666,0.8333333333333334,0.6666666666666667,True,True,0.16666666666666666,0.8333333333333334,0.6666666666666667,True,False,0.16666666666666666,0.16666666666666666,0.0,False,0.33333333333333337,19
query_leaking,0.14983267027441227,0.5,0.16666666666666666,0.8333333333333334,0.6666666666666667,True,True,0.16666666666666666,0.8333333333333334,0.6666666666666667,True,False,0.8333333333333334,0.8333333333333334,0.0,False,0.33333333333333337,19
target_free,0.26777693453015516,0.6666666666666666,0.3333333333333333,1.0,0.6666666666666667,True,True,0.3333333333333333,1.0,0.6666666666666667,True,False,0.6666666666666666,0.6666666666666666,0.0,True,0.0,20
query_leaking,0.2883135524267577,0.6666666666666666,0.3333333333333333,1.0,0.6666666666666667,True,True,0.3333333333333333,1.0,0.6666666666666667,True,False,1.0,1.0,0.0,False,0.33333333333333337,20
target_free,0.08895419411277979,0.0,0.0,1.0,1.0,True,True,0.0,1.0,1.0,True,False,0.3333333333333333,0.3333333333333333,0.0,False,0.3333333333333333,21
query_leaking,0.31697184937864525,0.0,0.0,1.0,1.0,True,True,0.0,1.0,1.0,True,False,0.6666666666666666,1.0,0.33333333333333337,False,1.0,21
target_free,0.009204488658316782,0.5,0.5,0.8333333333333334,0.33333333333333337,True,True,0.5,0.8333333333333334,0.33333333333333337,True,True,0.5,0.5,0.0,True,0.0,22
query_leaking,0.08075289480648261,0.5,0.5,0.8333333333333334,0.33333333333333337,True,True,0.5,0.8333333333333334,0.33333333333333337,True,False,0.8333333333333334,0.8333333333333334,0.0,False,0.33333333333333337,22
target_free,0.18831897586419186,0.8333333333333334,0.16666666666666666,0.8333333333333334,0.6666666666666667,True,True,0.16666666666666666,0.8333333333333334,0.6666666666666667,True,False,0.5,0.5,0.0,False,0.33333333333333337,23
query_leaking,0.05930022623397948,0.8333333333333334,0.16666666666666666,0.8333333333333334,0.6666666666666667,True,True,0.16666666666666666,0.8333333333333334,0.6666666666666667,True,False,0.8333333333333334,0.8333333333333334,0.0,True,0.0,23
target_free,0.038694464765034325,0.3333333333333333,0.0,1.0,1.0,True,True,0.0,1.0,1.0,True,True,0.3333333333333333,0.6666666666666666,0.3333333333333333,True,0.0,24
query_leaking,0.16981097127098543,0.3333333333333333,0.0,1.0,1.0,True,True,0.3333333333333333,1.0,0.6666666666666667,True,False,0.6666666666666666,1.0,0.33333333333333337,False,0.3333333333333333,24
target_free,0.1253534874034155,0.5,0.16666666666666666,0.8333333333333334,0.6666666666666667,True,True,0.16666666666666666,0.8333333333333334,0.6666666666666667,True,False,0.16666666666666666,0.5,0.33333333333333337,True,0.0,25
query_leaking,0.17936340812740112,0.5,0.16666666666666666,0.8333333333333334,0.6666666666666667,True,True,0.16666666666666666,0.8333333333333334,0.6666666666666667,True,False,0.8333333333333334,0.8333333333333334,0.0,False,0.33333333333333337,25
target_free,0.259033018713988,0.5,0.16666666666666666,0.8333333333333334,0.6666666666666667,True,True,0.16666666666666666,0.8333333333333334,0.6666666666666667,True,False,0.16666666666666666,0.5,0.33333333333333337,True,0.0,26
query_leaking,0.2645232589099961,0.5,0.16666666666666666,0.8333333333333334,0.6666666666666667,True,True,0.16666666666666666,0.8333333333333334,0.6666666666666667,True,False,0.8333333333333334,0.8333333333333334,0.0,False,0.33333333333333337,26
target_free,0.13955094725241232,0.5,0.5,0.8333333333333334,0.33333333333333337,True,True,0.5,0.8333333333333334,0.33333333333333337,True,False,0.5,0.5,0.0,True,0.0,27
query_leaking,0.2589425185421601,0.5,0.5,0.8333333333333334,0.33333333333333337,True,True,0.5,0.8333333333333334,0.33333333333333337,True,False,0.8333333333333334,0.8333333333333334,0.0,False,0.33333333333333337,27
target_free,0.009846596442304482,0.8333333333333334,0.5,0.8333333333333334,0.33333333333333337,True,True,0.5,0.8333333333333334,0.33333333333333337,True,True,0.5,0.8333333333333334,0.33333333333333337,True,0.0,28
query_leaking,0.011262536286728679,0.8333333333333334,0.5,0.8333333333333334,0.33333333333333337,True,True,0.5,0.8333333333333334,0.33333333333333337,True,True,0.8333333333333334,0.8333333333333334,0.0,True,0.0,28
target_free,0.25281155827347035,0.6666666666666666,0.3333333333333333,1.0,0.6666666666666667,True,True,0.3333333333333333,1.0,0.6666666666666667,True,False,0.6666666666666666,0.6666666666666666,0.0,True,0.0,29
query_leaking,0.24654940396181158,0.6666666666666666,0.3333333333333333,1.0,0.6666666666666667,True,True,0.3333333333333333,1.0,0.6666666666666667,True,False,1.0,1.0,0.0,False,0.33333333333333337,29
target_free,0.0,0.5,0.16666666666666666,0.8333333333333334,0.6666666666666667,True,True,0.16666666666666666,0.8333333333333334,0.6666666666666667,True,True,0.5,0.5,0.0,True,0.0,30
query_leaking,0.044127962156858505,0.5,0.16666666666666666,0.8333333333333334,0.6666666666666667,True,True,0.16666666666666666,0.8333333333333334,0.6666666666666667,True,True,0.5,0.8333333333333334,0.33333333333333337,True,0.33333333333333337,30
target_free,0.29910442112403224,0.5,0.5,0.8333333333333334,0.33333333333333337,True,True,0.5,0.8333333333333334,0.33333333333333337,True,False,0.5,0.5,0.0,True,0.0,31
query_leaking,0.43885391735337204,0.5,0.5,0.8333333333333334,0.33333333333333337,True,True,0.5,0.8333333333333334,0.33333333333333337,True,False,0.8333333333333334,0.8333333333333334,0.0,False,0.33333333333333337,31
target_free,0.2679485556729572,0.5,0.16666666666666666,0.8333333333333334,0.6666666666666667,True,True,0.16666666666666666,0.8333333333333334,0.6666666666666667,True,False,0.8333333333333334,0.8333333333333334,0.0,False,0.33333333333333337,32
query_leaking,0.3551930691755663,0.5,0.16666666666666666,0.8333333333333334,0.6666666666666667,True,True,0.5,0.8333333333333334,0.33333333333333337,True,False,0.8333333333333334,0.8333333333333334,0.0,False,0.33333333333333337,32
target_free,0.4381459101939198,0.6666666666666666,0.6666666666666666,1.0,0.33333333333333337,True,False,0.6666666666666666,1.0,0.33333333333333337,True,False,0.6666666666666666,0.6666666666666666,0.0,True,0.0,33
query_leaking,0.571351860552699,0.6666666666666666,0.6666666666666666,1.0,0.33333333333333337,True,False,0.6666666666666666,1.0,0.33333333333333337,True,False,1.0,1.0,0.0,False,0.33333333333333337,33
target_free,0.05863973238051443,0.5,0.5,0.8333333333333334,0.33333333333333337,True,True,0.5,0.8333333333333334,0.33333333333333337,True,False,0.5,0.5,0.0,True,0.0,34
query_leaking,0.1699287628171869,0.5,0.5,0.8333333333333334,0.33333333333333337,True,True,0.5,0.8333333333333334,0.33333333333333337,True,False,0.8333333333333334,0.8333333333333334,0.0,False,0.33333333333333337,34
target_free,0.0,0.5,0.16666666666666666,0.8333333333333334,0.6666666666666667,True,True,0.16666666666666666,0.8333333333333334,0.6666666666666667,True,True,0.16666666666666666,0.5,0.33333333333333337,True,0.0,35
query_leaking,0.11121444594285992,0.5,0.16666666666666666,0.8333333333333334,0.6666666666666667,True,True,0.16666666666666666,0.8333333333333334,0.6666666666666667,True,False,0.8333333333333334,0.8333333333333334,0.0,False,0.33333333333333337,35
target_free,0.0397246096331915,0.3333333333333333,0.0,1.0,1.0,True,True,0.0,1.0,1.0,True,True,0.3333333333333333,0.3333333333333333,0.0,True,0.0,36
query_leaking,0.18986967369034685,0.3333333333333333,0.0,1.0,1.0,True,True,0.0,1.0,1.0,True,False,1.0,1.0,0.0,False,0.6666666666666667,36
target_free,0.03896941971554731,0.5,0.16666666666666666,0.8333333333333334,0.6666666666666667,True,True,0.16666666666666666,0.8333333333333334,0.6666666666666667,True,True,0.16666666666666666,0.5,0.33333333333333337,True,0.0,37
query_leaking,0.13038903896325987,0.5,0.16666666666666666,0.8333333333333334,0.6666666666666667,True,True,0.16666666666666666,0.8333333333333334,0.6666666666666667,True,False,0.8333333333333334,0.8333333333333334,0.0,False,0.33333333333333337,37
target_free,0.12464358228088515,1.0,0.3333333333333333,1.0,0.6666666666666667,True,True,0.3333333333333333,1.0,0.6666666666666667,True,False,0.3333333333333333,0.6666666666666666,0.3333333333333333,False,0.6666666666666667,38
query_leaking,0.0,1.0,0.3333333333333333,1.0,0.6666666666666667,True,True,0.3333333333333333,1.0,0.6666666666666667,True,True,1.0,1.0,0.0,True,0.0,38
target_free,0.12229088562769637,0.6666666666666666,0.3333333333333333,1.0,0.6666666666666667,True,True,0.3333333333333333,1.0,0.6666666666666667,True,False,0.6666666666666666,0.6666666666666666,0.0,True,0.0,39
query_leaking,0.19322635013280928,0.6666666666666666,0.3333333333333333,1.0,0.6666666666666667,True,True,0.3333333333333333,1.0,0.6666666666666667,True,False,1.0,1.0,0.0,False,0.33333333333333337,39
target_free,0.23115862229084833,0.6666666666666666,0.6666666666666666,1.0,0.33333333333333337,True,True,0.6666666666666666,1.0,0.33333333333333337,True,False,0.6666666666666666,0.6666666666666666,0.0,True,0.0,40
query_leaking,0.3867879932300088,0.6666666666666666,0.6666666666666666,1.0,0.33333333333333337,True,True,0.6666666666666666,1.0,0.33333333333333337,True,False,1.0,1.0,0.0,False,0.33333333333333337,40
target_free,0.0,0.6666666666666666,0.0,1.0,1.0,True,True,0.0,1.0,1.0,True,True,0.3333333333333333,1.0,0.6666666666666667,True,0.0,41
query_leaking,0.10733072746406633,0.6666666666666666,0.0,1.0,1.0,True,True,0.3333333333333333,1.0,0.6666666666666667,True,False,1.0,1.0,0.0,False,0.33333333333333337,41
target_free,0.2857818556710057,0.3333333333333333,0.3333333333333333,1.0,0.6666666666666667,True,True,0.3333333333333333,1.0,0.6666666666666667,True,False,0.3333333333333333,0.6666666666666666,0.3333333333333333,True,0.3333333333333333,42
query_leaking,0.4614397622109248,0.3333333333333333,0.3333333333333333,1.0,0.6666666666666667,True,True,0.3333333333333333,1.0,0.6666666666666667,True,False,1.0,1.0,0.0,False,0.6666666666666667,42
target_free,0.32759341721657254,0.16666666666666666,0.16666666666666666,0.8333333333333334,0.6666666666666667,True,True,0.16666666666666666,0.8333333333333334,0.6666666666666667,True,False,0.5,0.5,0.0,False,0.33333333333333337,43
query_leaking,0.5167469696921595,0.16666666666666666,0.16666666666666666,0.8333333333333334,0.6666666666666667,True,False,0.16666666666666666,0.8333333333333334,0.6666666666666667,True,False,0.8333333333333334,0.8333333333333334,0.0,False,0.6666666666666667,43
target_free,0.29837874736583814,0.16666666666666666,0.16666666666666666,0.8333333333333334,0.6666666666666667,True,True,0.16666666666666666,0.8333333333333334,0.6666666666666667,True,False,0.16666666666666666,0.5,0.33333333333333337,True,0.33333333333333337,44
query_leaking,0.5265864420449843,0.16666666666666666,0.16666666666666666,0.8333333333333334,0.6666666666666667,True,False,0.16666666666666666,0.8333333333333334,0.6666666666666667,True,False,0.8333333333333334,0.8333333333333334,0.0,False,0.6666666666666667,44
target_free,0.13207519781440916,0.6666666666666666,0.0,1.0,1.0,True,True,0.3333333333333333,1.0,0.6666666666666667,True,False,0.6666666666666666,0.6666666666666666,0.0,True,0.0,45
query_leaking,0.09604341897538833,0.6666666666666666,0.0,1.0,1.0,True,True,0.3333333333333333,1.0,0.6666666666666667,True,False,0.6666666666666666,1.0,0.33333333333333337,True,0.33333333333333337,45
target_free,0.08576779849050369,0.6666666666666666,0.3333333333333333,1.0,0.6666666666666667,True,True,0.3333333333333333,1.0,0.6666666666666667,True,False,0.6666666666666666,0.6666666666666666,0.0,True,0.0,46
query_leaking,0.1502605361908617,0.6666666666666666,0.3333333333333333,1.0,0.6666666666666667,True,True,0.3333333333333333,1.0,0.6666666666666667,True,False,1.0,1.0,0.0,False,0.33333333333333337,46
target_free,0.05320679928226317,0.6666666666666666,0.3333333333333333,1.0,0.6666666666666667,True,True,0.3333333333333333,1.0,0.6666666666666667,True,False,0.6666666666666666,1.0,0.33333333333333337,True,0.0,47
query_leaking,0.15155968149704976,0.6666666666666666,0.3333333333333333,1.0,0.6666666666666667,True,True,0.3333333333333333,1.0,0.6666666666666667,True,False,1.0,1.0,0.0,False,0.33333333333333337,47
target_free,0.18541388797050704,0.6666666666666666,0.3333333333333333,1.0,0.6666666666666667,True,True,0.3333333333333333,1.0,0.6666666666666667,True,False,0.3333333333333333,0.6666666666666666,0.3333333333333333,True,0.3333333333333333,48
query_leaking,0.19818074360052967,0.6666666666666666,0.3333333333333333,1.0,0.6666666666666667,True,True,0.3333333333333333,1.0,0.6666666666666667,True,False,1.0,1.0,0.0,False,0.33333333333333337,48
target_free,0.2523912950814243,0.3333333333333333,0.0,1.0,1.0,True,True,0.0,1.0,1.0,True,False,0.3333333333333333,0.6666666666666666,0.3333333333333333,True,0.3333333333333333,49
query_leaking,0.4307184235142814,0.3333333333333333,0.0,1.0,1.0,True,True,0.3333333333333333,1.0,0.6666666666666667,True,False,1.0,1.0,0.0,False,0.6666666666666667,49
target_free,0.03488672360845578,0.6666666666666666,0.0,1.0,1.0,True,True,0.3333333333333333,1.0,0.6666666666666667,True,True,0.6666666666666666,0.6666666666666666,0.0,True,0.0,50
query_leaking,0.08716685883738601,0.6666666666666666,0.0,1.0,1.0,True,True,0.3333333333333333,1.0,0.6666666666666667,True,False,1.0,1.0,0.0,False,0.33333333333333337,50
target_free,0.1655914982192966,0.6666666666666666,0.0,1.0,1.0,True,True,0.3333333333333333,1.0,0.6666666666666667,True,False,0.6666666666666666,0.6666666666666666,0.0,True,0.0,51
query_leaking,0.2304872923749993,0.6666666666666666,0.0,1.0,1.0,True,True,0.3333333333333333,1.0,0.6666666666666667,True,False,1.0,1.0,0.0,False,0.33333333333333337,51
target_free,0.12308257306703532,0.3333333333333333,0.0,1.0,1.0,True,True,0.0,1.0,1.0,True,False,0.3333333333333333,0.6666666666666666,0.3333333333333333,True,0.0,52
query_leaking,0.23341500818319533,0.3333333333333333,0.0,1.0,1.0,True,True,0.0,1.0,1.0,True,False,0.6666666666666666,1.0,0.33333333333333337,False,0.3333333333333333,52
target_free,0.09890069931877513,0.8333333333333334,0.5,0.8333333333333334,0.33333333333333337,True,True,0.5,0.8333333333333334,0.33333333333333337,True,False,0.5,0.8333333333333334,0.33333333333333337,True,0.0,53
query_leaking,0.08541491935585514,0.8333333333333334,0.5,0.8333333333333334,0.33333333333333337,True,True,0.5,0.8333333333333334,0.33333333333333337,True,False,0.8333333333333334,0.8333333333333334,0.0,True,0.0,53
target_free,0.12284896647636374,0.6666666666666666,0.3333333333333333,1.0,0.6666666666666667,True,True,0.3333333333333333,1.0,0.6666666666666667,True,False,0.3333333333333333,0.3333333333333333,0.0,False,0.3333333333333333,54
query_leaking,0.17914684915092546,0.6666666666666666,0.3333333333333333,1.0,0.6666666666666667,True,True,0.3333333333333333,1.0,0.6666666666666667,True,False,1.0,1.0,0.0,False,0.33333333333333337,54
target_free,0.07117179975787,0.5,0.5,0.8333333333333334,0.33333333333333337,True,True,0.5,0.8333333333333334,0.33333333333333337,True,False,0.5,0.5,0.0,True,0.0,55
query_leaking,0.1792525960500158,0.5,0.5,0.8333333333333334,0.33333333333333337,True,True,0.5,0.8333333333333334,0.33333333333333337,True,False,0.8333333333333334,0.8333333333333334,0.0,False,0.33333333333333337,55
target_free,0.04758227913580292,0.6666666666666666,0.3333333333333333,1.0,0.6666666666666667,True,True,0.3333333333333333,1.0,0.6666666666666667,True,True,0.6666666666666666,0.6666666666666666,0.0,True,0.0,56
query_leaking,0.13661527216319252,0.6666666666666666,0.3333333333333333,1.0,0.6666666666666667,True,True,0.3333333333333333,1.0,0.6666666666666667,True,False,1.0,1.0,0.0,False,0.33333333333333337,56
target_free,0.24148219727781273,0.5,0.16666666666666666,0.8333333333333334,0.6666666666666667,True,True,0.16666666666666666,0.8333333333333334,0.6666666666666667,True,False,0.5,0.5,0.0,True,0.0,57
query_leaking,0.2972279757315194,0.5,0.16666666666666666,0.8333333333333334,0.6666666666666667,True,True,0.16666666666666666,0.8333333333333334,0.6666666666666667,True,False,0.8333333333333334,0.8333333333333334,0.0,False,0.33333333333333337,57
target_free,0.1316674661281125,0.5,0.5,0.8333333333333334,0.33333333333333337,True,True,0.5,0.8333333333333334,0.33333333333333337,True,False,0.5,0.8333333333333334,0.33333333333333337,True,0.33333333333333337,58
query_leaking,0.30871667135963066,0.5,0.5,0.8333333333333334,0.33333333333333337,True,True,0.5,0.8333333333333334,0.33333333333333337,True,False,0.8333333333333334,0.8333333333333334,0.0,False,0.33333333333333337,58
target_free,0.16254634188610914,0.3333333333333333,0.0,1.0,1.0,True,True,0.0,1.0,1.0,True,False,0.0,0.3333333333333333,0.3333333333333333,True,0.0,59
query_leaking,0.3383696587930352,0.3333333333333333,0.0,1.0,1.0,True,True,0.0,1.0,1.0,True,False,1.0,1.0,0.0,False,0.6666666666666667,59
target_free,0.18142989665004758,0.6666666666666666,0.0,1.0,1.0,True,True,0.3333333333333333,1.0,0.6666666666666667,True,False,1.0,1.0,0.0,False,0.33333333333333337,60
query_leaking,0.23580821029206153,0.6666666666666666,0.0,1.0,1.0,True,True,0.3333333333333333,1.0,0.6666666666666667,True,False,1.0,1.0,0.0,False,0.33333333333333337,60
target_free,0.06760977573304668,0.3333333333333333,0.3333333333333333,1.0,0.6666666666666667,True,True,0.3333333333333333,1.0,0.6666666666666667,True,False,0.3333333333333333,0.6666666666666666,0.3333333333333333,True,0.3333333333333333,61
query_leaking,0.30467557324437916,0.3333333333333333,0.3333333333333333,1.0,0.6666666666666667,True,True,0.3333333333333333,1.0,0.6666666666666667,True,False,1.0,1.0,0.0,False,0.6666666666666667,61
target_free,0.0,0.6666666666666666,0.0,1.0,1.0,True,True,0.0,1.0,1.0,True,True,0.3333333333333333,0.6666666666666666,0.3333333333333333,True,0.0,62
query_leaking,0.05669966370345729,0.6666666666666666,0.0,1.0,1.0,True,True,0.0,1.0,1.0,True,False,1.0,1.0,0.0,False,0.33333333333333337,62
target_free,0.1684187777710172,0.8333333333333334,0.16666666666666666,0.8333333333333334,0.6666666666666667,True,True,0.16666666666666666,0.8333333333333334,0.6666666666666667,True,False,0.16666666666666666,0.5,0.33333333333333337,False,0.33333333333333337,63
query_leaking,0.0430176106814762,0.8333333333333334,0.16666666666666666,0.8333333333333334,0.6666666666666667,True,True,0.16666666666666666,0.8333333333333334,0.6666666666666667,True,True,0.8333333333333334,0.8333333333333334,0.0,True,0.0,63
target_free,0.21815651640513686,0.5,0.16666666666666666,0.8333333333333334,0.6666666666666667,True,True,0.16666666666666666,0.8333333333333334,0.6666666666666667,True,False,0.16666666666666666,0.5,0.33333333333333337,True,0.0,64
query_leaking,0.3199111265454022,0.5,0.16666666666666666,0.8333333333333334,0.6666666666666667,True,True,0.16666666666666666,0.8333333333333334,0.6666666666666667,True,False,0.8333333333333334,0.8333333333333334,0.0,False,0.33333333333333337,64
target_free,0.2483949960171125,0.3333333333333333,0.0,1.0,1.0,True,True,0.3333333333333333,1.0,0.6666666666666667,True,False,0.6666666666666666,0.6666666666666666,0.0,False,0.3333333333333333,65
query_leaking,0.39335492874073263,0.3333333333333333,0.0,1.0,1.0,True,True,0.3333333333333333,1.0,0.6666666666666667,True,False,1.0,1.0,0.0,False,0.6666666666666667,65
target_free,0.1111291590925626,0.6666666666666666,0.3333333333333333,1.0,0.6666666666666667,True,True,0.3333333333333333,1.0,0.6666666666666667,True,False,0.3333333333333333,0.6666666666666666,0.3333333333333333,True,0.0,66
query_leaking,0.18442092494262952,0.6666666666666666,0.3333333333333333,1.0,0.6666666666666667,True,True,0.3333333333333333,1.0,0.6666666666666667,True,False,1.0,1.0,0.0,False,0.33333333333333337,66
target_free,0.01156567643378225,0.16666666666666666,0.16666666666666666,0.8333333333333334,0.6666666666666667,True,True,0.16666666666666666,0.8333333333333334,0.6666666666666667,True,True,0.16666666666666666,0.5,0.33333333333333337,True,0.33333333333333337,67
query_leaking,0.3002074793662836,0.16666666666666666,0.16666666666666666,0.8333333333333334,0.6666666666666667,True,True,0.16666666666666666,0.8333333333333334,0.6666666666666667,True,False,0.8333333333333334,0.8333333333333334,0.0,False,0.6666666666666667,67
target_free,0.09270682245574044,0.3333333333333333,0.3333333333333333,1.0,0.6666666666666667,True,True,0.3333333333333333,0.6666666666666666,0.3333333333333333,True,False,0.3333333333333333,0.6666666666666666,0.3333333333333333,True,0.0,68
query_leaking,0.22385819952867994,0.3333333333333333,0.3333333333333333,1.0,0.6666666666666667,True,True,0.3333333333333333,1.0,0.6666666666666667,True,False,0.6666666666666666,0.6666666666666666,0.0,False,0.3333333333333333,68
target_free,0.03231779422173754,0.8333333333333334,0.5,0.8333333333333334,0.33333333333333337,True,True,0.5,0.8333333333333334,0.33333333333333337,True,True,0.5,0.8333333333333334,0.33333333333333337,True,0.0,69
query_leaking,0.026395512861897445,0.8333333333333334,0.5,0.8333333333333334,0.33333333333333337,True,True,0.5,0.8333333333333334,0.33333333333333337,True,True,0.8333333333333334,0.8333333333333334,0.0,True,0.0,69
target_free,0.01736183567742868,0.16666666666666666,0.16666666666666666,0.8333333333333334,0.6666666666666667,True,True,0.16666666666666666,0.8333333333333334,0.6666666666666667,True,True,0.16666666666666666,0.5,0.33333333333333337,True,0.33333333333333337,70
query_leaking,0.30845119372113877,0.16666666666666666,0.16666666666666666,0.8333333333333334,0.6666666666666667,True,True,0.16666666666666666,0.8333333333333334,0.6666666666666667,True,False,0.8333333333333334,0.8333333333333334,0.0,False,0.6666666666666667,70
target_free,0.023738526058338566,0.5,0.16666666666666666,0.8333333333333334,0.6666666666666667,True,True,0.16666666666666666,0.8333333333333334,0.6666666666666667,True,True,0.5,0.8333333333333334,0.33333333333333337,True,0.33333333333333337,71
query_leaking,0.18992027313529458,0.5,0.16666666666666666,0.8333333333333334,0.6666666666666667,True,True,0.16666666666666666,0.8333333333333334,0.6666666666666667,True,False,0.8333333333333334,0.8333333333333334,0.0,False,0.33333333333333337,71
target_free,0.01623404966651294,0.6666666666666666,0.0,1.0,1.0,True,True,0.0,1.0,1.0,True,True,0.3333333333333333,0.6666666666666666,0.3333333333333333,True,0.0,72
query_leaking,0.14226217266801983,0.6666666666666666,0.0,1.0,1.0,True,True,0.3333333333333333,1.0,0.6666666666666667,True,False,1.0,1.0,0.0,False,0.33333333333333337,72
target_free,0.1394836372520947,0.6666666666666666,0.0,1.0,1.0,True,True,0.0,1.0,1.0,True,False,0.3333333333333333,0.3333333333333333,0.0,False,0.3333333333333333,73
query_leaking,0.0970944093127413,0.6666666666666666,0.0,1.0,1.0,True,True,0.0,1.0,1.0,True,False,1.0,1.0,0.0,False,0.33333333333333337,73
target_free,0.0,0.8333333333333334,0.16666666666666666,0.8333333333333334,0.6666666666666667,True,True,0.16666666666666666,0.8333333333333334,0.6666666666666667,True,True,0.5,0.8333333333333334,0.33333333333333337,True,0.0,74
query_leaking,0.0,0.8333333333333334,0.16666666666666666,0.8333333333333334,0.6666666666666667,True,True,0.16666666666666666,0.8333333333333334,0.6666666666666667,True,True,0.8333333333333334,0.8333333333333334,0.0,True,0.0,74
target_free,0.19173601194566556,0.8333333333333334,0.5,0.8333333333333334,0.33333333333333337,True,True,0.5,0.8333333333333334,0.33333333333333337,True,False,0.5,0.8333333333333334,0.33333333333333337,True,0.33333333333333337,75
query_leaking,0.12603419543701305,0.8333333333333334,0.5,0.8333333333333334,0.33333333333333337,True,True,0.5,0.8333333333333334,0.33333333333333337,True,False,0.8333333333333334,0.8333333333333334,0.0,True,0.0,75
target_free,0.29245006945945806,0.5,0.16666666666666666,0.8333333333333334,0.6666666666666667,True,True,0.16666666666666666,0.8333333333333334,0.6666666666666667,True,False,0.16666666666666666,0.16666666666666666,0.0,False,0.33333333333333337,76
query_leaking,0.3019672797142735,0.5,0.16666666666666666,0.8333333333333334,0.6666666666666667,True,True,0.16666666666666666,0.8333333333333334,0.6666666666666667,True,False,0.8333333333333334,0.8333333333333334,0.0,False,0.33333333333333337,76
target_free,0.20252675591003919,0.8333333333333334,0.5,0.8333333333333334,0.33333333333333337,True,True,0.5,0.8333333333333334,0.33333333333333337,True,False,0.8333333333333334,0.8333333333333334,0.0,True,0.0,77
query_leaking,0.15463361700301548,0.8333333333333334,0.5,0.8333333333333334,0.33333333333333337,True,True,0.5,0.8333333333333334,0.33333333333333337,True,False,0.8333333333333334,0.8333333333333334,0.0,True,0.0,77
target_free,0.11137305576035149,0.6666666666666666,0.3333333333333333,1.0,0.6666666666666667,True,True,0.3333333333333333,1.0,0.6666666666666667,True,False,0.3333333333333333,0.6666666666666666,0.3333333333333333,True,0.3333333333333333,78
query_leaking,0.1634828250092958,0.6666666666666666,0.3333333333333333,1.0,0.6666666666666667,True,True,0.3333333333333333,1.0,0.6666666666666667,True,False,1.0,1.0,0.0,False,0.33333333333333337,78
target_free,0.008436023547054037,0.5,0.16666666666666666,0.8333333333333334,0.6666666666666667,True,True,0.16666666666666666,0.8333333333333334,0.6666666666666667,True,True,0.5,0.8333333333333334,0.33333333333333337,True,0.33333333333333337,79
query_leaking,0.15455289007656778,0.5,0.16666666666666666,0.8333333333333334,0.6666666666666667,True,True,0.16666666666666666,0.8333333333333334,0.6666666666666667,True,False,0.8333333333333334,0.8333333333333334,0.0,False,0.33333333333333337,79
target_free,0.05106290543970292,0.5,0.5,0.8333333333333334,0.33333333333333337,True,True,0.5,0.8333333333333334,0.33333333333333337,True,False,0.5,0.5,0.0,True,0.0,80
query_leaking,0.10138646445324885,0.5,0.5,0.8333333333333334,0.33333333333333337,True,True,0.5,0.8333333333333334,0.33333333333333337,True,False,0.8333333333333334,0.8333333333333334,0.0,False,0.33333333333333337,80
target_free,0.14239703053377825,0.6666666666666666,0.3333333333333333,1.0,0.6666666666666667,True,True,0.3333333333333333,1.0,0.6666666666666667,True,False,1.0,1.0,0.0,False,0.33333333333333337,81
query_leaking,0.2641153835172417,0.6666666666666666,0.3333333333333333,1.0,0.6666666666666667,True,True,0.3333333333333333,1.0,0.6666666666666667,True,False,1.0,1.0,0.0,False,0.33333333333333337,81
target_free,0.08144055317729253,0.5,0.16666666666666666,0.8333333333333334,0.6666666666666667,True,True,0.16666666666666666,0.8333333333333334,0.6666666666666667,True,False,0.5,0.5,0.0,True,0.0,82
query_leaking,0.19852293362914586,0.5,0.16666666666666666,0.8333333333333334,0.6666666666666667,True,True,0.16666666666666666,0.8333333333333334,0.6666666666666667,True,False,0.8333333333333334,0.8333333333333334,0.0,False,0.33333333333333337,82
target_free,0.10324730360136075,0.6666666666666666,0.0,1.0,1.0,True,True,0.0,1.0,1.0,True,False,0.6666666666666666,1.0,0.33333333333333337,True,0.33333333333333337,83
query_leaking,0.20951595770485457,0.6666666666666666,0.0,1.0,1.0,True,True,0.3333333333333333,1.0,0.6666666666666667,True,False,1.0,1.0,0.0,False,0.33333333333333337,83
target_free,0.2661143604689912,0.5,0.16666666666666666,0.8333333333333334,0.6666666666666667,True,True,0.16666666666666666,0.8333333333333334,0.6666666666666667,True,False,0.5,0.5,0.0,True,0.0,84
query_leaking,0.3415134029798457,0.5,0.16666666666666666,0.8333333333333334,0.6666666666666667,True,True,0.16666666666666666,0.8333333333333334,0.6666666666666667,True,False,0.8333333333333334,0.8333333333333334,0.0,False,0.33333333333333337,84
target_free,0.1412734195277648,0.5,0.16666666666666666,0.8333333333333334,0.6666666666666667,True,True,0.16666666666666666,0.8333333333333334,0.6666666666666667,True,False,0.5,0.8333333333333334,0.33333333333333337,True,0.0,85
query_leaking,0.24611171236971027,0.5,0.16666666666666666,0.8333333333333334,0.6666666666666667,True,True,0.16666666666666666,0.8333333333333334,0.6666666666666667,True,False,0.8333333333333334,0.8333333333333334,0.0,False,0.33333333333333337,85
target_free,0.0026572401656780632,0.5,0.5,0.8333333333333334,0.33333333333333337,True,True,0.5,0.8333333333333334,0.33333333333333337,True,True,0.5,0.5,0.0,True,0.0,86
query_leaking,0.126964982454586,0.5,0.5,0.8333333333333334,0.33333333333333337,True,True,0.5,0.8333333333333334,0.33333333333333337,True,False,0.8333333333333334,0.8333333333333334,0.0,False,0.33333333333333337,86
target_free,0.17418936353576267,0.8333333333333334,0.16666666666666666,0.8333333333333334,0.6666666666666667,True,True,0.16666666666666666,0.8333333333333334,0.6666666666666667,True,False,0.5,0.5,0.0,False,0.33333333333333337,87
query_leaking,0.030305194781804407,0.8333333333333334,0.16666666666666666,0.8333333333333334,0.6666666666666667,True,True,0.16666666666666666,0.8333333333333334,0.6666666666666667,True,True,0.8333333333333334,0.8333333333333334,0.0,True,0.0,87
target_free,0.06626631079106875,1.0,0.3333333333333333,1.0,0.6666666666666667,True,True,0.3333333333333333,1.0,0.6666666666666667,True,False,0.6666666666666666,0.6666666666666666,0.0,False,0.33333333333333337,88
query_leaking,0.008571425763976721,1.0,0.3333333333333333,1.0,0.6666666666666667,True,True,0.3333333333333333,1.0,0.6666666666666667,True,True,1.0,1.0,0.0,True,0.0,88
target_free,0.0598694558297641,0.5,0.16666666666666666,0.8333333333333334,0.6666666666666667,True,True,0.16666666666666666,0.8333333333333334,0.6666666666666667,True,False,0.5,0.8333333333333334,0.33333333333333337,True,0.33333333333333337,89
query_leaking,0.2118244225367197,0.5,0.16666666666666666,0.8333333333333334,0.6666666666666667,True,True,0.16666666666666666,0.8333333333333334,0.6666666666666667,True,False,0.8333333333333334,0.8333333333333334,0.0,False,0.33333333333333337,89
target_free,0.08696605463693298,0.5,0.16666666666666666,0.8333333333333334,0.6666666666666667,True,True,0.16666666666666666,0.8333333333333334,0.6666666666666667,True,False,0.16666666666666666,0.8333333333333334,0.6666666666666667,True,0.0,90
query_leaking,0.2743292357790062,0.5,0.16666666666666666,0.8333333333333334,0.6666666666666667,True,True,0.16666666666666666,0.8333333333333334,0.6666666666666667,True,False,0.8333333333333334,0.8333333333333334,0.0,False,0.33333333333333337,90
target_free,0.0,0.3333333333333333,0.3333333333333333,1.0,0.6666666666666667,True,True,0.3333333333333333,0.6666666666666666,0.3333333333333333,True,True,0.3333333333333333,0.3333333333333333,0.0,True,0.0,91
query_leaking,0.12560111732370857,0.3333333333333333,0.3333333333333333,1.0,0.6666666666666667,True,True,0.3333333333333333,1.0,0.6666666666666667,True,False,0.6666666666666666,0.6666666666666666,0.0,False,0.3333333333333333,91
target_free,0.17713665409430587,0.6666666666666666,0.3333333333333333,1.0,0.6666666666666667,True,True,0.3333333333333333,1.0,0.6666666666666667,True,False,0.3333333333333333,1.0,0.6666666666666667,True,0.33333333333333337,92
query_leaking,0.2874043825512213,0.6666666666666666,0.3333333333333333,1.0,0.6666666666666667,True,True,0.3333333333333333,1.0,0.6666666666666667,True,False,1.0,1.0,0.0,False,0.33333333333333337,92
target_free,0.0,0.8333333333333334,0.16666666666666666,0.8333333333333334,0.6666666666666667,True,True,0.16666666666666666,0.8333333333333334,0.6666666666666667,True,True,0.8333333333333334,0.8333333333333334,0.0,True,0.0,93
query_leaking,0.0,0.8333333333333334,0.16666666666666666,0.8333333333333334,0.6666666666666667,True,True,0.16666666666666666,0.8333333333333334,0.6666666666666667,True,True,0.8333333333333334,0.8333333333333334,0.0,True,0.0,93
target_free,0.19868783415986693,0.6666666666666666,0.3333333333333333,1.0,0.6666666666666667,True,True,0.3333333333333333,1.0,0.6666666666666667,True,False,0.3333333333333333,0.3333333333333333,0.0,False,0.3333333333333333,94
query_leaking,0.21124933905476162,0.6666666666666666,0.3333333333333333,1.0,0.6666666666666667,True,True,0.3333333333333333,1.0,0.6666666666666667,True,False,1.0,1.0,0.0,False,0.33333333333333337,94
target_free,0.06968073042643531,0.8333333333333334,0.16666666666666666,0.8333333333333334,0.6666666666666667,True,True,0.16666666666666666,0.8333333333333334,0.6666666666666667,True,False,0.5,0.8333333333333334,0.33333333333333337,True,0.0,95
query_leaking,0.0468906455487868,0.8333333333333334,0.16666666666666666,0.8333333333333334,0.6666666666666667,True,True,0.16666666666666666,0.8333333333333334,0.6666666666666667,True,True,0.8333333333333334,0.8333333333333334,0.0,True,0.0,95
target_free,3.41533783441041e-17,0.5,0.5,0.8333333333333334,0.33333333333333337,True,True,0.5,0.8333333333333334,0.33333333333333337,True,True,0.5,0.8333333333333334,0.33333333333333337,True,0.0,96
query_leaking,0.16827411418521335,0.5,0.5,0.8333333333333334,0.33333333333333337,True,True,0.5,0.8333333333333334,0.33333333333333337,True,False,0.8333333333333334,0.8333333333333334,0.0,False,0.33333333333333337,96
target_free,0.48280904114416834,0.8333333333333334,0.16666666666666666,0.8333333333333334,0.6666666666666667,True,False,0.16666666666666666,0.8333333333333334,0.6666666666666667,True,False,0.16666666666666666,0.5,0.33333333333333337,False,0.33333333333333337,97
query_leaking,0.22677804725769168,0.8333333333333334,0.16666666666666666,0.8333333333333334,0.6666666666666667,True,True,0.16666666666666666,0.8333333333333334,0.6666666666666667,True,False,0.8333333333333334,0.8333333333333334,0.0,True,0.0,97
target_free,0.16324022588384174,0.6666666666666666,0.0,1.0,1.0,True,True,0.0,1.0,1.0,True,False,0.3333333333333333,0.6666666666666666,0.3333333333333333,True,0.0,98
query_leaking,0.12719028029328266,0.6666666666666666,0.0,1.0,1.0,True,True,0.0,1.0,1.0,True,False,0.6666666666666666,1.0,0.33333333333333337,True,0.33333333333333337,98
target_free,0.03049915089752641,0.8333333333333334,0.16666666666666666,0.8333333333333334,0.6666666666666667,True,True,0.16666666666666666,0.8333333333333334,0.6666666666666667,True,True,0.5,0.8333333333333334,0.33333333333333337,True,0.0,99
query_leaking,0.021562999552375946,0.8333333333333334,0.16666666666666666,0.8333333333333334,0.6666666666666667,True,True,0.16666666666666666,0.8333333333333334,0.6666666666666667,True,True,0.8333333333333334,0.8333333333333334,0.0,True,0.0,99
target_free,0.047484376853220024,0.8333333333333334,0.5,0.8333333333333334,0.33333333333333337,True,True,0.5,0.8333333333333334,0.33333333333333337,True,True,0.5,0.8333333333333334,0.33333333333333337,True,0.0,100
query_leaking,0.03738947184000577,0.8333333333333334,0.5,0.8333333333333334,0.33333333333333337,True,True,0.5,0.8333333333333334,0.33333333333333337,True,True,0.8333333333333334,0.8333333333333334,0.0,True,0.0,100
target_free,0.18677276739974905,0.6666666666666666,0.3333333333333333,1.0,0.6666666666666667,True,True,0.3333333333333333,1.0,0.6666666666666667,True,False,0.6666666666666666,0.6666666666666666,0.0,True,0.0,101
query_leaking,0.2715973813467966,0.6666666666666666,0.3333333333333333,1.0,0.6666666666666667,True,True,0.3333333333333333,1.0,0.6666666666666667,True,False,1.0,1.0,0.0,False,0.33333333333333337,101
target_free,0.03984354440715378,1.0,0.3333333333333333,1.0,0.6666666666666667,True,True,0.3333333333333333,1.0,0.6666666666666667,True,True,0.6666666666666666,1.0,0.33333333333333337,True,0.33333333333333337,102
query_leaking,0.02561499134860916,1.0,0.3333333333333333,1.0,0.6666666666666667,True,True,0.3333333333333333,1.0,0.6666666666666667,True,True,1.0,1.0,0.0,True,0.0,102
target_free,0.07931467672423961,0.8333333333333334,0.16666666666666666,0.8333333333333334,0.6666666666666667,True,True,0.16666666666666666,0.8333333333333334,0.6666666666666667,True,False,0.16666666666666666,0.8333333333333334,0.6666666666666667,True,0.33333333333333337,103
query_leaking,0.02147859066774388,0.8333333333333334,0.16666666666666666,0.8333333333333334,0.6666666666666667,True,True,0.16666666666666666,0.8333333333333334,0.6666666666666667,True,True,0.8333333333333334,0.8333333333333334,0.0,True,0.0,103
target_free,0.2776214948634885,0.5,0.16666666666666666,0.8333333333333334,0.6666666666666667,True,True,0.16666666666666666,0.8333333333333334,0.6666666666666667,True,False,0.5,0.8333333333333334,0.33333333333333337,True,0.0,104
query_leaking,0.36491618560315797,0.5,0.16666666666666666,0.8333333333333334,0.6666666666666667,True,True,0.16666666666666666,0.8333333333333334,0.6666666666666667,True,False,0.8333333333333334,0.8333333333333334,0.0,False,0.33333333333333337,104
target_free,0.10448516179840253,0.5,0.16666666666666666,0.8333333333333334,0.6666666666666667,True,True,0.16666666666666666,0.8333333333333334,0.6666666666666667,True,False,0.16666666666666666,0.5,0.33333333333333337,True,0.0,105
query_leaking,0.13889159332126802,0.5,0.16666666666666666,0.8333333333333334,0.6666666666666667,True,True,0.16666666666666666,0.8333333333333334,0.6666666666666667,True,False,0.8333333333333334,0.8333333333333334,0.0,False,0.33333333333333337,105
target_free,0.12896677703387058,0.5,0.16666666666666666,0.8333333333333334,0.6666666666666667,True,True,0.16666666666666666,0.8333333333333334,0.6666666666666667,True,False,0.5,0.8333333333333334,0.33333333333333337,True,0.33333333333333337,106
query_leaking,0.2602212836527794,0.5,0.16666666666666666,0.8333333333333334,0.6666666666666667,True,True,0.16666666666666666,0.8333333333333334,0.6666666666666667,True,False,0.8333333333333334,0.8333333333333334,0.0,False,0.33333333333333337,106
target_free,0.18576927479478852,0.5,0.16666666666666666,0.8333333333333334,0.6666666666666667,True,True,0.16666666666666666,0.8333333333333334,0.6666666666666667,True,False,0.16666666666666666,0.16666666666666666,0.0,False,0.33333333333333337,107
query_leaking,0.17194386898908534,0.5,0.16666666666666666,0.8333333333333334,0.6666666666666667,True,True,0.16666666666666666,0.8333333333333334,0.6666666666666667,True,False,0.8333333333333334,0.8333333333333334,0.0,False,0.33333333333333337,107
target_free,0.031157454112032117,0.8333333333333334,0.16666666666666666,0.8333333333333334,0.6666666666666667,True,True,0.16666666666666666,0.8333333333333334,0.6666666666666667,True,True,0.8333333333333334,0.8333333333333334,0.0,True,0.0,108
query_leaking,0.01522659708019539,0.8333333333333334,0.16666666666666666,0.8333333333333334,0.6666666666666667,True,True,0.5,0.8333333333333334,0.33333333333333337,True,True,0.8333333333333334,0.8333333333333334,0.0,True,0.0,108
target_free,0.4363787980448374,0.6666666666666666,0.0,1.0,1.0,True,False,0.0,1.0,1.0,True,False,0.3333333333333333,0.3333333333333333,0.0,False,0.3333333333333333,109
query_leaking,0.3355835691573455,0.6666666666666666,0.0,1.0,1.0,True,True,0.0,1.0,1.0,True,False,1.0,1.0,0.0,False,0.33333333333333337,109
target_free,0.039140349183434925,0.3333333333333333,0.3333333333333333,1.0,0.6666666666666667,True,True,0.3333333333333333,1.0,0.6666666666666667,True,True,0.3333333333333333,0.6666666666666666,0.3333333333333333,True,0.0,110
query_leaking,0.3079183805275472,0.3333333333333333,0.3333333333333333,1.0,0.6666666666666667,True,True,0.3333333333333333,1.0,0.6666666666666667,True,False,1.0,1.0,0.0,False,0.6666666666666667,110
target_free,0.07628997872041192,0.6666666666666666,0.3333333333333333,1.0,0.6666666666666667,True,True,0.3333333333333333,1.0,0.6666666666666667,True,False,0.3333333333333333,0.6666666666666666,0.3333333333333333,True,0.3333333333333333,111
query_leaking,0.14982419839552427,0.6666666666666666,0.3333333333333333,1.0,0.6666666666666667,True,True,0.3333333333333333,1.0,0.6666666666666667,True,False,1.0,1.0,0.0,False,0.33333333333333337,111
target_free,0.08464473795242429,0.6666666666666666,0.3333333333333333,1.0,0.6666666666666667,True,True,0.3333333333333333,0.6666666666666666,0.3333333333333333,True,False,0.6666666666666666,0.6666666666666666,0.0,True,0.0,112
query_leaking,0.06978246217897538,0.6666666666666666,0.3333333333333333,1.0,0.6666666666666667,True,True,0.3333333333333333,1.0,0.6666666666666667,True,False,0.6666666666666666,0.6666666666666666,0.0,True,0.0,112
target_free,0.055392868487624244,0.5,0.16666666666666666,0.8333333333333334,0.6666666666666667,True,True,0.16666666666666666,0.8333333333333334,0.6666666666666667,True,False,0.5,0.8333333333333334,0.33333333333333337,True,0.0,113
query_leaking,0.1958078001636299,0.5,0.16666666666666666,0.8333333333333334,0.6666666666666667,True,True,0.16666666666666666,0.8333333333333334,0.6666666666666667,True,False,0.8333333333333334,0.8333333333333334,0.0,False,0.33333333333333337,113
target_free,0.15553548502824507,0.6666666666666666,0.3333333333333333,1.0,0.6666666666666667,True,True,0.3333333333333333,1.0,0.6666666666666667,True,False,0.3333333333333333,0.6666666666666666,0.3333333333333333,True,0.3333333333333333,114
query_leaking,0.17458772201237494,0.6666666666666666,0.3333333333333333,1.0,0.6666666666666667,True,True,0.3333333333333333,1.0,0.6666666666666667,True,False,1.0,1.0,0.0,False,0.33333333333333337,114
target_free,0.3355915167388972,0.6666666666666666,0.6666666666666666,1.0,0.33333333333333337,True,True,0.6666666666666666,1.0,0.33333333333333337,True,False,0.6666666666666666,0.6666666666666666,0.0,True,0.0,115
query_leaking,0.4586624053331592,0.6666666666666666,0.6666666666666666,1.0,0.33333333333333337,True,True,0.6666666666666666,1.0,0.33333333333333337,True,False,1.0,1.0,0.0,False,0.33333333333333337,115
target_free,0.13255445244852487,0.3333333333333333,0.3333333333333333,1.0,0.6666666666666667,True,True,0.3333333333333333,1.0,0.6666666666666667,True,False,0.3333333333333333,0.3333333333333333,0.0,True,0.0,116
query_leaking,0.3111755687373877,0.3333333333333333,0.3333333333333333,1.0,0.6666666666666667,True,True,0.3333333333333333,1.0,0.6666666666666667,True,False,1.0,1.0,0.0,False,0.6666666666666667,116
target_free,0.016480634297602135,0.6666666666666666,0.3333333333333333,1.0,0.6666666666666667,True,True,0.3333333333333333,1.0,0.6666666666666667,True,True,0.6666666666666666,1.0,0.33333333333333337,True,0.0,117
query_leaking,0.21485227335080925,0.6666666666666666,0.3333333333333333,1.0,0.6666666666666667,True,True,0.6666666666666666,1.0,0.33333333333333337,True,False,1.0,1.0,0.0,False,0.33333333333333337,117
target_free,0.0,0.6666666666666666,0.3333333333333333,1.0,0.6666666666666667,True,True,0.3333333333333333,1.0,0.6666666666666667,True,True,0.3333333333333333,1.0,0.6666666666666667,True,0.0,118
query_leaking,0.1571617995039358,0.6666666666666666,0.3333333333333333,1.0,0.6666666666666667,True,True,0.3333333333333333,1.0,0.6666666666666667,True,False,1.0,1.0,0.0,False,0.33333333333333337,118
target_free,0.05538638873971647,0.8333333333333334,0.16666666666666666,0.8333333333333334,0.6666666666666667,True,True,0.16666666666666666,0.8333333333333334,0.6666666666666667,True,False,0.5,0.8333333333333334,0.33333333333333337,True,0.0,119
query_leaking,0.030397933361612967,0.8333333333333334,0.16666666666666666,0.8333333333333334,0.6666666666666667,True,True,0.5,0.8333333333333334,0.33333333333333337,True,True,0.8333333333333334,0.8333333333333334,0.0,True,0.0,119
