window_index,window_label,capacity,q,query,direction,restriction,status,endpoint_rational,ordered_tie_subset_count,restricted_tie_subset_count,shared_attaining_subset_count,ordered_only_attaining_subset_count,same_buffer_subset_witnessed,ordered_witness_sha256,restricted_witness_sha256
0,jan_weekday_am_n8,2,2,mean_selected_buffer_miles,lower,pair,ATTAINED_BY_RESTRICTED_FAMILY,17453/2000,1,1,1,0,True,10d31ac3207169b8192117d31a2e2c9e72f7e05038d63dffaf99d4db5c4716f0,d895de0650a2d1a5da69044098aafa271b0634f87a35a4f20a49f8d76c117196
0,jan_weekday_am_n8,2,2,mean_selected_buffer_miles,upper,pair,ATTAINED_BY_RESTRICTED_FAMILY,13469/500,1,1,1,0,True,e492bce20c6145a74c158c96cfdaa542824e41b0c22d4591339bcac5a4b8be9a,87444dfcd5e321a984ce0c2aeb6c55176c393f3fdeb934b19ecdf801d89b4091
0,jan_weekday_am_n8,2,2,mean_selected_buffer_observed_duration_minutes,lower,pair,ATTAINED_BY_RESTRICTED_FAMILY,1733/40,1,1,1,0,True,6100ec2ed5ae911e91df9a985a079238e9f41a1320b223adfd26217a7dbb4c21,d9d280f97da59ddaf948af9152be2bdf8586b23a0e3d9ee2fd72723b43f0b75b
0,jan_weekday_am_n8,2,2,mean_selected_buffer_observed_duration_minutes,upper,pair,ATTAINED_BY_RESTRICTED_FAMILY,1052/15,1,1,1,0,True,db03e0c86c5b0394a32f9dce6ffabe235a87af70719b085fd0aa4e4013cc7a5d,3f5e331c8e77b8bf13a0e1cc694a3caef5e89738f1814a73910e3196e5761ac6
0,jan_weekday_am_n8,2,2,mean_selected_buffer_miles,lower,clique,ATTAINED_BY_RESTRICTED_FAMILY,17453/2000,1,1,1,0,True,10d31ac3207169b8192117d31a2e2c9e72f7e05038d63dffaf99d4db5c4716f0,9f4a40c9a115b4fe38e60a1769111303bd4cf0200b4a0d0905acfc71d0ac6e40
0,jan_weekday_am_n8,2,2,mean_selected_buffer_miles,upper,clique,ATTAINED_BY_RESTRICTED_FAMILY,13469/500,1,1,1,0,True,e492bce20c6145a74c158c96cfdaa542824e41b0c22d4591339bcac5a4b8be9a,804a663f7e0d566c51c7fe496184fba11086b51f5cbf931b5630994b6192e2d1
0,jan_weekday_am_n8,2,2,mean_selected_buffer_observed_duration_minutes,lower,clique,ATTAINED_BY_RESTRICTED_FAMILY,1733/40,1,1,1,0,True,6100ec2ed5ae911e91df9a985a079238e9f41a1320b223adfd26217a7dbb4c21,5910bdff63f1521c284019582d2911437932af4f73b28f22d1f5498454415439
0,jan_weekday_am_n8,2,2,mean_selected_buffer_observed_duration_minutes,upper,clique,ATTAINED_BY_RESTRICTED_FAMILY,1052/15,1,1,1,0,True,db03e0c86c5b0394a32f9dce6ffabe235a87af70719b085fd0aa4e4013cc7a5d,065ce9b1d705a96ae7831a59e4aa31dacf5212be8bdfa5e193ed552562df7d99
0,jan_weekday_am_n8,2,4,mean_selected_buffer_miles,lower,pair,ATTAINED_BY_RESTRICTED_FAMILY,39217/4000,1,1,1,0,True,83a32a2f5c7f07420588e0951a4c5c8304e2f9afb037ab47f8130adca8b9858e,d959495301e3d25cf976ed3969a93fcd5c098eb5488dfd08dbd21c8f6940d970
0,jan_weekday_am_n8,2,4,mean_selected_buffer_miles,upper,pair,ATTAINED_BY_RESTRICTED_FAMILY,100061/4000,1,1,1,0,True,ac740815169c5af1e188f0c02a98378f08e32af5631817a05c6aa780b2361c90,d16b8293d1c54c26d3d615a08c36c61d82e3267902cbf29b716248649fb03b06
0,jan_weekday_am_n8,2,4,mean_selected_buffer_observed_duration_minutes,lower,pair,ATTAINED_BY_RESTRICTED_FAMILY,10457/240,1,1,1,0,True,42127b2bde73a94b2b14f22ce25f3585973e60c1db39016741ea177c9e7f959a,293ffe8efcee26d0e3f46007b95be4a320552915325e0592c8358e6310fd43cb
0,jan_weekday_am_n8,2,4,mean_selected_buffer_observed_duration_minutes,upper,pair,ATTAINED_BY_RESTRICTED_FAMILY,973/15,1,1,1,0,True,57783f06e7bf635775b50028ddc377b8976a462df265a2b5c184a139ddfec09c,3ab4c37c241d3b3f25e896fd1db94f4239b1b6bd8f7bc096ca83790c8b43016d
0,jan_weekday_am_n8,2,4,mean_selected_buffer_miles,lower,clique,ATTAINED_BY_RESTRICTED_FAMILY,39217/4000,1,1,1,0,True,83a32a2f5c7f07420588e0951a4c5c8304e2f9afb037ab47f8130adca8b9858e,3a91ebe031c456dda3d8768a5525bf93ae2b980914d6fa065d6937c1a966d117
0,jan_weekday_am_n8,2,4,mean_selected_buffer_miles,upper,clique,ATTAINED_BY_RESTRICTED_FAMILY,100061/4000,1,1,1,0,True,ac740815169c5af1e188f0c02a98378f08e32af5631817a05c6aa780b2361c90,750dcd9e8844277989fe551b9b6a871c0a1bed8595e761e6555883b06ca36179
0,jan_weekday_am_n8,2,4,mean_selected_buffer_observed_duration_minutes,lower,clique,ATTAINED_BY_RESTRICTED_FAMILY,10457/240,1,1,1,0,True,42127b2bde73a94b2b14f22ce25f3585973e60c1db39016741ea177c9e7f959a,5cf96b24b7679f7b1dd29f12eb19d9d62b0937d6f0b635328065fc0067389146
0,jan_weekday_am_n8,2,4,mean_selected_buffer_observed_duration_minutes,upper,clique,ATTAINED_BY_RESTRICTED_FAMILY,973/15,1,1,1,0,True,57783f06e7bf635775b50028ddc377b8976a462df265a2b5c184a139ddfec09c,2e11bced80a663f7a323eacd0adf769377cc05d652bb0f8b04551855134ad571
0,jan_weekday_am_n8,3,2,mean_selected_buffer_miles,lower,pair,ATTAINED_BY_RESTRICTED_FAMILY,17453/2000,1,1,1,0,True,6e4d2c823f923c08475b026b402a71be8fcf18a9fca3b084687a7eb8c89397ca,4219e5a46cad8b3235db0b53a625421fce873b21caf9b0b4573da266f6cb6fe8
0,jan_weekday_am_n8,3,2,mean_selected_buffer_miles,upper,pair,ATTAINED_BY_RESTRICTED_FAMILY,13469/500,1,1,1,0,True,24f30b4176f41cd9e295536146504cb4497bcb9f4772f438b61dc233e2ff622f,5191b4d06fe66d82769cc7c920fdb8ca8018d0f4ba951fe08de0fb45d48a68da
0,jan_weekday_am_n8,3,2,mean_selected_buffer_observed_duration_minutes,lower,pair,ATTAINED_BY_RESTRICTED_FAMILY,1733/40,1,1,1,0,True,57bd818b2b14f1553f29913f2cb99b454745f45b0dc20729e1d4d9662074d0f3,ea61da2ddb958235d44e000f315000e7e66b4ec8d745015f67f8fc4cbf2457ee
0,jan_weekday_am_n8,3,2,mean_selected_buffer_observed_duration_minutes,upper,pair,ATTAINED_BY_RESTRICTED_FAMILY,1052/15,1,1,1,0,True,d74e6f8145c4e5ed9a2d9f25628a86df31a18d310a1903deddc23a8b94513c2a,5c0c22cc6be9a6ffb1a56bbd2d3238d859894fc02661ee46cfff25980f746de5
0,jan_weekday_am_n8,3,2,mean_selected_buffer_miles,lower,clique,ATTAINED_BY_RESTRICTED_FAMILY,17453/2000,1,1,1,0,True,6e4d2c823f923c08475b026b402a71be8fcf18a9fca3b084687a7eb8c89397ca,7d50c49f87f8f964ea2ba71175910cb46f706db9fae82f40698653b8a036409d
0,jan_weekday_am_n8,3,2,mean_selected_buffer_miles,upper,clique,ATTAINED_BY_RESTRICTED_FAMILY,13469/500,1,1,1,0,True,24f30b4176f41cd9e295536146504cb4497bcb9f4772f438b61dc233e2ff622f,ebe7cd61da3c09e36fe70e7d47b5028314663141826a0f92ff846f978b314d3b
0,jan_weekday_am_n8,3,2,mean_selected_buffer_observed_duration_minutes,lower,clique,ATTAINED_BY_RESTRICTED_FAMILY,1733/40,1,1,1,0,True,57bd818b2b14f1553f29913f2cb99b454745f45b0dc20729e1d4d9662074d0f3,15040cd5a7f780926d10378bd114004da2e3936cf33af02eae1a39cf2483ed47
0,jan_weekday_am_n8,3,2,mean_selected_buffer_observed_duration_minutes,upper,clique,ATTAINED_BY_RESTRICTED_FAMILY,1052/15,1,1,1,0,True,d74e6f8145c4e5ed9a2d9f25628a86df31a18d310a1903deddc23a8b94513c2a,2b782f259f4031fef55eb8ffe87e0a06d3dea82c900d60ee47de47ef659453a0
0,jan_weekday_am_n8,3,4,mean_selected_buffer_miles,lower,pair,ATTAINED_BY_RESTRICTED_FAMILY,39217/4000,1,1,1,0,True,a88c0b0fda5ef9317602ea3e12dbab3cd5011d2d44cda5c0fdd00e36b83bde09,e8bcbc8725ddbb759de99712fd9ff2ea1b3c54b9e0d1c3cb7f712e015108cf3b
0,jan_weekday_am_n8,3,4,mean_selected_buffer_miles,upper,pair,ATTAINED_BY_RESTRICTED_FAMILY,100061/4000,1,1,1,0,True,f46bbc4bf7f95eb7a48674202baeb4c8dc5983db0e8d227485b44b79f2d7cd68,1be3a7ce92f3ce4512dadbbdcee2fd7f9d4cb1a5cceec0e41ea6c314c392140c
0,jan_weekday_am_n8,3,4,mean_selected_buffer_observed_duration_minutes,lower,pair,ATTAINED_BY_RESTRICTED_FAMILY,10457/240,1,1,1,0,True,121fbb65c68a437f8491dc36480fd5df72b0a561c62d5cd6ae7d487464a2b20e,c6877659460b928bff475838c71fbacd6a58b13ae71f09fc1cc427ea7bc79ebb
0,jan_weekday_am_n8,3,4,mean_selected_buffer_observed_duration_minutes,upper,pair,ATTAINED_BY_RESTRICTED_FAMILY,973/15,1,1,1,0,True,f2e6eff47ffe15e6a490a026fe309c12228acfb3e031fe2709cf1fab83127864,36f4aec40814c27bc1599c7746e6012f092ea2ad422b8584bf11da52528ef042
0,jan_weekday_am_n8,3,4,mean_selected_buffer_miles,lower,clique,ATTAINED_BY_RESTRICTED_FAMILY,39217/4000,1,1,1,0,True,a88c0b0fda5ef9317602ea3e12dbab3cd5011d2d44cda5c0fdd00e36b83bde09,96244c320b553063c8741f8fc96ebabdd4e11c967c658bbe63e4be4923a50565
0,jan_weekday_am_n8,3,4,mean_selected_buffer_miles,upper,clique,ATTAINED_BY_RESTRICTED_FAMILY,100061/4000,1,1,1,0,True,f46bbc4bf7f95eb7a48674202baeb4c8dc5983db0e8d227485b44b79f2d7cd68,dc1349d46eb54c56425c1d94cbce7682c2fd8f0e87dd740b64f0ecfdce74fd1b
0,jan_weekday_am_n8,3,4,mean_selected_buffer_observed_duration_minutes,lower,clique,ATTAINED_BY_RESTRICTED_FAMILY,10457/240,1,1,1,0,True,121fbb65c68a437f8491dc36480fd5df72b0a561c62d5cd6ae7d487464a2b20e,e8995845cf0ca950271258a1ad141fb6b718fc3a95546e81d6cde591d1e7e1e7
0,jan_weekday_am_n8,3,4,mean_selected_buffer_observed_duration_minutes,upper,clique,ATTAINED_BY_RESTRICTED_FAMILY,973/15,1,1,1,0,True,f2e6eff47ffe15e6a490a026fe309c12228acfb3e031fe2709cf1fab83127864,dbd7bca4e32da2c288084db118be8e3f33f70453a47329d2eb99f41767a82af4
0,jan_weekday_am_n8,4,2,mean_selected_buffer_miles,lower,pair,ATTAINED_BY_RESTRICTED_FAMILY,17453/2000,1,1,1,0,True,06447247c0c0680413d3d19cfc44dfbfd96b817e1a9d70cb22b05dc80ed62535,68d5c9f5de53eff291e3ba6987d0321c3538c3697021736bfeb3c918d039a882
0,jan_weekday_am_n8,4,2,mean_selected_buffer_miles,upper,pair,ATTAINED_BY_RESTRICTED_FAMILY,13469/500,1,1,1,0,True,10785a2f21c977c261b0df4074364ef42de8cff77a6ac4545aea807357252442,7006727d2106652e2a80a4c90623d4196b04d5a18272ae173d192390d36d5597
0,jan_weekday_am_n8,4,2,mean_selected_buffer_observed_duration_minutes,lower,pair,ATTAINED_BY_RESTRICTED_FAMILY,1733/40,1,1,1,0,True,f0093efd96a3ed11629451d5b309d7a4792d50676f65519d7dd412386e5bd6d3,78edc33ae6e719f710b5739fc04ca8f209ac980bc79e4bec81cd0e8a22bd6992
0,jan_weekday_am_n8,4,2,mean_selected_buffer_observed_duration_minutes,upper,pair,ATTAINED_BY_RESTRICTED_FAMILY,1052/15,1,1,1,0,True,43b7f223b95b9e6db795aa51fbfda2540a93d8aae53f72a3a8fa5567af67fb95,b6ebd919fd786962564418c633398da3c4182a819b2f1da037837b31632d093d
0,jan_weekday_am_n8,4,2,mean_selected_buffer_miles,lower,clique,ATTAINED_BY_RESTRICTED_FAMILY,17453/2000,1,1,1,0,True,06447247c0c0680413d3d19cfc44dfbfd96b817e1a9d70cb22b05dc80ed62535,15965983cd13e692576ebc208aea2f28b61440d06ab55833ee760867b0d01fa9
0,jan_weekday_am_n8,4,2,mean_selected_buffer_miles,upper,clique,ATTAINED_BY_RESTRICTED_FAMILY,13469/500,1,1,1,0,True,10785a2f21c977c261b0df4074364ef42de8cff77a6ac4545aea807357252442,b9c6e0f27204f4cfd68a1ccbafb78f7337eec947df586f2306ba1d8f4fe0bcd7
0,jan_weekday_am_n8,4,2,mean_selected_buffer_observed_duration_minutes,lower,clique,ATTAINED_BY_RESTRICTED_FAMILY,1733/40,1,1,1,0,True,f0093efd96a3ed11629451d5b309d7a4792d50676f65519d7dd412386e5bd6d3,c939b94821152fdeb5de4b8617228ee1cd418d1fa64c50704d65d901ab94af2a
0,jan_weekday_am_n8,4,2,mean_selected_buffer_observed_duration_minutes,upper,clique,ATTAINED_BY_RESTRICTED_FAMILY,1052/15,1,1,1,0,True,43b7f223b95b9e6db795aa51fbfda2540a93d8aae53f72a3a8fa5567af67fb95,7c398cbf5a068327bc3a1fff054084ce19b9b4b44f26993235fbeae55183d9b1
0,jan_weekday_am_n8,4,4,mean_selected_buffer_miles,lower,pair,ATTAINED_BY_RESTRICTED_FAMILY,39217/4000,1,1,1,0,True,07a6947b47cc79bb8a64572a274e06dc0f6b0256a0fcec2cb80f0f4535b3372c,7fa869b19b18dc6286b9bdbd7f2ae805965f626811df14ec12f746f55c49e521
0,jan_weekday_am_n8,4,4,mean_selected_buffer_miles,upper,pair,ATTAINED_BY_RESTRICTED_FAMILY,100061/4000,1,1,1,0,True,503ceabdefa80c26189c5d2374daf0b390d079e86501c055ecfeff55e75c4b1a,7ebb8f2681dae169f6f4d905a76c4977c35f43dfe371ec7042ece81b71b85273
0,jan_weekday_am_n8,4,4,mean_selected_buffer_observed_duration_minutes,lower,pair,ATTAINED_BY_RESTRICTED_FAMILY,10457/240,1,1,1,0,True,051b2c2013cd00fd05880d10b23b20b3605cdea81cbfd555e8c098beeb0ec2e4,1a7c7b3bf9fb208a94dacdf44004c27e415dbcbb2370bbe65e470b3a0fbaf156
0,jan_weekday_am_n8,4,4,mean_selected_buffer_observed_duration_minutes,upper,pair,ATTAINED_BY_RESTRICTED_FAMILY,973/15,1,1,1,0,True,cae573a0fc078f337d920b765d8fded5384bb454b221b2524a6b72fd27b6bf7e,56658b30afba99b41add02b75de4cbeae592fc8e98930435e2d4ed6d1a433cec
0,jan_weekday_am_n8,4,4,mean_selected_buffer_miles,lower,clique,ATTAINED_BY_RESTRICTED_FAMILY,39217/4000,1,1,1,0,True,07a6947b47cc79bb8a64572a274e06dc0f6b0256a0fcec2cb80f0f4535b3372c,8c87b2f9fa6b1deade272fbbe142162f5c36708da27cfc61cc0c17f3d412ca44
0,jan_weekday_am_n8,4,4,mean_selected_buffer_miles,upper,clique,ATTAINED_BY_RESTRICTED_FAMILY,100061/4000,1,1,1,0,True,503ceabdefa80c26189c5d2374daf0b390d079e86501c055ecfeff55e75c4b1a,2ed1e3322ee7087fbbe1608033b31fcc0e1ab500b868169421f694fc05581cc5
0,jan_weekday_am_n8,4,4,mean_selected_buffer_observed_duration_minutes,lower,clique,ATTAINED_BY_RESTRICTED_FAMILY,10457/240,1,1,1,0,True,051b2c2013cd00fd05880d10b23b20b3605cdea81cbfd555e8c098beeb0ec2e4,adda964053f227beb502c3849f699b2ab4d1af5581afebbd82a7ec6860ef9de7
0,jan_weekday_am_n8,4,4,mean_selected_buffer_observed_duration_minutes,upper,clique,ATTAINED_BY_RESTRICTED_FAMILY,973/15,1,1,1,0,True,cae573a0fc078f337d920b765d8fded5384bb454b221b2524a6b72fd27b6bf7e,f42e8d0dcf746ec44a9a9289e7baa55c6d3d081aa378ddaaf29d57a6b25c1e49
3,jan_weekend_am_n8,2,2,mean_selected_buffer_miles,lower,pair,ATTAINED_BY_RESTRICTED_FAMILY,2899/500,1,1,1,0,True,9aaf4b234463e8c4648f09ab14b5665f0f7e9578390ad8652adc5c8e1d8f2afd,8e3991fb9f354003f3bda576e13da6540c846d58ae8a7ff957d6ec0cf3b40dff
3,jan_weekend_am_n8,2,2,mean_selected_buffer_miles,upper,pair,ATTAINED_BY_RESTRICTED_FAMILY,39859/2000,1,1,1,0,True,b873bd67743f68b8e6f5f1e36cef2b66da471dffa2396171dea5c9f8aa29d019,d106f67a37ece40666ef4816314e6e78e7ce639ab90eaad72f027ee1795cdddd
3,jan_weekend_am_n8,2,2,mean_selected_buffer_observed_duration_minutes,lower,pair,ATTAINED_BY_RESTRICTED_FAMILY,406/15,1,1,1,0,True,1450ae5ab8a80ba123ca27d3d93412ac48fffbbb417fd88a39e68272aa886ee2,57cc24a8483bbdf7be4d2a0bc41b19dd30b94e3230861d59aee4e463554cec1b
3,jan_weekend_am_n8,2,2,mean_selected_buffer_observed_duration_minutes,upper,pair,ATTAINED_BY_RESTRICTED_FAMILY,3269/60,1,1,1,0,True,b873bd67743f68b8e6f5f1e36cef2b66da471dffa2396171dea5c9f8aa29d019,d106f67a37ece40666ef4816314e6e78e7ce639ab90eaad72f027ee1795cdddd
3,jan_weekend_am_n8,2,2,mean_selected_buffer_miles,lower,clique,ATTAINED_BY_RESTRICTED_FAMILY,2899/500,1,1,1,0,True,9aaf4b234463e8c4648f09ab14b5665f0f7e9578390ad8652adc5c8e1d8f2afd,caa41ea3bdf958507e6f4bf22717677c6cd7815d2bfc3354dbb9cdc4af21eec7
3,jan_weekend_am_n8,2,2,mean_selected_buffer_miles,upper,clique,ATTAINED_BY_RESTRICTED_FAMILY,39859/2000,1,1,1,0,True,b873bd67743f68b8e6f5f1e36cef2b66da471dffa2396171dea5c9f8aa29d019,00c41741ca156ddaecc1a1eca5ebe2d4879cb5c7194d4e419729ee46639485d7
3,jan_weekend_am_n8,2,2,mean_selected_buffer_observed_duration_minutes,lower,clique,ATTAINED_BY_RESTRICTED_FAMILY,406/15,1,1,1,0,True,1450ae5ab8a80ba123ca27d3d93412ac48fffbbb417fd88a39e68272aa886ee2,ba6077181ac0c0976bd366ecc692b61b7dda673d55e49dd821eae9ced589ec7e
3,jan_weekend_am_n8,2,2,mean_selected_buffer_observed_duration_minutes,upper,clique,ATTAINED_BY_RESTRICTED_FAMILY,3269/60,1,1,1,0,True,b873bd67743f68b8e6f5f1e36cef2b66da471dffa2396171dea5c9f8aa29d019,00c41741ca156ddaecc1a1eca5ebe2d4879cb5c7194d4e419729ee46639485d7
3,jan_weekend_am_n8,2,4,mean_selected_buffer_miles,lower,pair,ATTAINED_BY_RESTRICTED_FAMILY,26459/4000,1,1,1,0,True,0786da5268bb392745212ef1acf1b7435b460a9618d466b422f5f12069b04a85,c47fd5a8215ba572053797ba6c6d0c0f8058a68f5d2cd8c6dd4c64465c45fc0e
3,jan_weekend_am_n8,2,4,mean_selected_buffer_miles,upper,pair,ATTAINED_BY_RESTRICTED_FAMILY,7497/500,1,1,1,0,True,5260b88a2f73225d6c142cec5c987eb3989d452bc3220fe42eaef1e10d395de6,db3ca7456f45d0070a51eb23601b245d757a8fd0c2bfae1fcc610b6bbd0f1af0
3,jan_weekend_am_n8,2,4,mean_selected_buffer_observed_duration_minutes,lower,pair,ATTAINED_BY_RESTRICTED_FAMILY,424/15,2,2,2,0,True,cd98e9e1b1ee0feef2cc72389e65288ce3c1535ab11bbfb1e3ea2296fcd7436a,beb8d9bd6c12424335cd53292e2e638a716d5c23d10587be823cfa10257bede9
3,jan_weekend_am_n8,2,4,mean_selected_buffer_observed_duration_minutes,upper,pair,ATTAINED_BY_RESTRICTED_FAMILY,6013/120,1,1,1,0,True,784ce68ac3562bac10e4e7fe4e64cb3e694c5eff9685f337c05d3d82349c9aa5,c103a35e385b39ce0efcbc0a026a1350f2d702b951079704414a7514023437bc
3,jan_weekend_am_n8,2,4,mean_selected_buffer_miles,lower,clique,ATTAINED_BY_RESTRICTED_FAMILY,26459/4000,1,1,1,0,True,0786da5268bb392745212ef1acf1b7435b460a9618d466b422f5f12069b04a85,c390e02a20ecd5180e9fbe46fb67646f972e17137de3d1ddfaaf57a41dc16a18
3,jan_weekend_am_n8,2,4,mean_selected_buffer_miles,upper,clique,ATTAINED_BY_RESTRICTED_FAMILY,7497/500,1,1,1,0,True,5260b88a2f73225d6c142cec5c987eb3989d452bc3220fe42eaef1e10d395de6,1eba0eeec78c1f4f900bbcc3498c14297b13c785de70c152fa42b72c34312526
3,jan_weekend_am_n8,2,4,mean_selected_buffer_observed_duration_minutes,lower,clique,ATTAINED_BY_RESTRICTED_FAMILY,424/15,2,2,2,0,True,cd98e9e1b1ee0feef2cc72389e65288ce3c1535ab11bbfb1e3ea2296fcd7436a,91dafd738105305bb6e2f288380bca618b1eb182ee284e95f1e14c1253b6cc0c
3,jan_weekend_am_n8,2,4,mean_selected_buffer_observed_duration_minutes,upper,clique,ATTAINED_BY_RESTRICTED_FAMILY,6013/120,1,1,1,0,True,784ce68ac3562bac10e4e7fe4e64cb3e694c5eff9685f337c05d3d82349c9aa5,1f2f7b37df4f06594f762289202ccb2a7f39dbd85d70efcbaf2503177918c491
3,jan_weekend_am_n8,3,2,mean_selected_buffer_miles,lower,pair,ATTAINED_BY_RESTRICTED_FAMILY,2899/500,1,1,1,0,True,7a2821844c66ed4d4caf4342b0fbd99dcd141cfdabe291dd55fe325d51f16899,8883f3ff9022afb4084921561a4bc11235c6bf6872185a1728a610739174d894
3,jan_weekend_am_n8,3,2,mean_selected_buffer_miles,upper,pair,ATTAINED_BY_RESTRICTED_FAMILY,39859/2000,1,1,1,0,True,c4a6b9bb6821e95b2de18abe2c31c8671b554dfbb18fca90d89e7d22729862e2,b97888a0cb1aa8b9cf0fae9ef7b8461904bb6b0a14168afda7079f2383c3238e
3,jan_weekend_am_n8,3,2,mean_selected_buffer_observed_duration_minutes,lower,pair,ATTAINED_BY_RESTRICTED_FAMILY,406/15,1,1,1,0,True,b0f279ebaa7f4fac7d276f127f868128f4a3eec23772bf4b6674d6eaedcc4641,42d5df72bcf3bdbb5e667bd4885ac0a59360b1409acce469dd5bd67f3f2eac5a
3,jan_weekend_am_n8,3,2,mean_selected_buffer_observed_duration_minutes,upper,pair,ATTAINED_BY_RESTRICTED_FAMILY,3269/60,1,1,1,0,True,c4a6b9bb6821e95b2de18abe2c31c8671b554dfbb18fca90d89e7d22729862e2,b97888a0cb1aa8b9cf0fae9ef7b8461904bb6b0a14168afda7079f2383c3238e
3,jan_weekend_am_n8,3,2,mean_selected_buffer_miles,lower,clique,ATTAINED_BY_RESTRICTED_FAMILY,2899/500,1,1,1,0,True,7a2821844c66ed4d4caf4342b0fbd99dcd141cfdabe291dd55fe325d51f16899,7d2bc7ae5c24603ded714969dab7c7f59e1bcc7332bd27f5f3f33171794ba01a
3,jan_weekend_am_n8,3,2,mean_selected_buffer_miles,upper,clique,ATTAINED_BY_RESTRICTED_FAMILY,39859/2000,1,1,1,0,True,c4a6b9bb6821e95b2de18abe2c31c8671b554dfbb18fca90d89e7d22729862e2,d0a380bd709f479d30604af4809c1bc04d9c07f22572ae8a3a710a9d0fa86944
3,jan_weekend_am_n8,3,2,mean_selected_buffer_observed_duration_minutes,lower,clique,ATTAINED_BY_RESTRICTED_FAMILY,406/15,1,1,1,0,True,b0f279ebaa7f4fac7d276f127f868128f4a3eec23772bf4b6674d6eaedcc4641,6ddb31b319bb5a9f8e04ae9bdaa0ca3e58169eea69b1d19fb3907cfcb7be9515
3,jan_weekend_am_n8,3,2,mean_selected_buffer_observed_duration_minutes,upper,clique,ATTAINED_BY_RESTRICTED_FAMILY,3269/60,1,1,1,0,True,c4a6b9bb6821e95b2de18abe2c31c8671b554dfbb18fca90d89e7d22729862e2,d0a380bd709f479d30604af4809c1bc04d9c07f22572ae8a3a710a9d0fa86944
3,jan_weekend_am_n8,3,4,mean_selected_buffer_miles,lower,pair,ATTAINED_BY_RESTRICTED_FAMILY,26459/4000,1,1,1,0,True,36ac726f363961b9e8bcfa166de1076899c2caa55d74ac8b42097fde9d37dc46,e8ee18036a3af9f4d5fb43518c348305a7788ca86affaef29d81c61b66f16c0f
3,jan_weekend_am_n8,3,4,mean_selected_buffer_miles,upper,pair,ATTAINED_BY_RESTRICTED_FAMILY,7497/500,1,1,1,0,True,5c2f86b36de7d45411537321225a608cc30d324a18f0d1fa76ab3f23f6a3d000,235a5ece39a55b312eef89f25edfb8cea846942ae1626ea53fb58d560a7ff06a
3,jan_weekend_am_n8,3,4,mean_selected_buffer_observed_duration_minutes,lower,pair,ATTAINED_BY_RESTRICTED_FAMILY,424/15,2,2,2,0,True,8997e9e1135a0fc0fd0def57d13da443d806e508670fbf4cfa344c8eaadedd00,7c5e49204e47dec3b4e7ef3aa3a2a6153be69355c5e5b673eb2c61144f82583d
3,jan_weekend_am_n8,3,4,mean_selected_buffer_observed_duration_minutes,upper,pair,ATTAINED_BY_RESTRICTED_FAMILY,6013/120,1,1,1,0,True,d95652dca84cbac157edd859597dd56d22c185fc90f034aa4c0972c0e1f59415,91b5705a1c061f9d41ac5be1a350d7ecef4c3a5cfaed10f08dc57480f0e070ab
3,jan_weekend_am_n8,3,4,mean_selected_buffer_miles,lower,clique,ATTAINED_BY_RESTRICTED_FAMILY,26459/4000,1,1,1,0,True,36ac726f363961b9e8bcfa166de1076899c2caa55d74ac8b42097fde9d37dc46,964ac5727e24d0168b218f0affa614b123f96ed1e1184c84dfb99971e959c785
3,jan_weekend_am_n8,3,4,mean_selected_buffer_miles,upper,clique,ATTAINED_BY_RESTRICTED_FAMILY,7497/500,1,1,1,0,True,5c2f86b36de7d45411537321225a608cc30d324a18f0d1fa76ab3f23f6a3d000,372a92923a5d849d8926d6a3245d475c40fbfa7e4f4d8f871915b7d04b28c68f
3,jan_weekend_am_n8,3,4,mean_selected_buffer_observed_duration_minutes,lower,clique,ATTAINED_BY_RESTRICTED_FAMILY,424/15,2,2,2,0,True,8997e9e1135a0fc0fd0def57d13da443d806e508670fbf4cfa344c8eaadedd00,d32cbfba6dbb0d782c7ee3e603218ded2ff9f33aba8e19d5a79f9b0e264ae19b
3,jan_weekend_am_n8,3,4,mean_selected_buffer_observed_duration_minutes,upper,clique,ATTAINED_BY_RESTRICTED_FAMILY,6013/120,1,1,1,0,True,d95652dca84cbac157edd859597dd56d22c185fc90f034aa4c0972c0e1f59415,7b153f822ea9b15e0007c20dbdf8fed995aae4432214f00031c94cca2b81f307
3,jan_weekend_am_n8,4,2,mean_selected_buffer_miles,lower,pair,ATTAINED_BY_RESTRICTED_FAMILY,2899/500,1,1,1,0,True,549e1ade723d65b1ea6cf835147f72ea351aa5f9b38316a52988656a656c93ae,048530f32d192c7b1b7de1786cae68b8d8a4c7c70e68c95c73474853c03a1a28
3,jan_weekend_am_n8,4,2,mean_selected_buffer_miles,upper,pair,ATTAINED_BY_RESTRICTED_FAMILY,39859/2000,1,1,1,0,True,c54a3513cc9b464b6b635c618042213037fa96d73755c14ca57b1e79973fa6f1,8983291962bdbfd33ce1c3661d0a4243c99de3b9b5874b4159a41e57c42647aa
3,jan_weekend_am_n8,4,2,mean_selected_buffer_observed_duration_minutes,lower,pair,ATTAINED_BY_RESTRICTED_FAMILY,406/15,1,1,1,0,True,9a93516ec536d48ba286c38f0e4a1ccd3a849014db5e48f459e7213011352380,a9207c226eedd0f81d64b0277cc45c9b7dda56de02fc56e17f9a1dcbd47bcda5
3,jan_weekend_am_n8,4,2,mean_selected_buffer_observed_duration_minutes,upper,pair,ATTAINED_BY_RESTRICTED_FAMILY,3269/60,1,1,1,0,True,c54a3513cc9b464b6b635c618042213037fa96d73755c14ca57b1e79973fa6f1,8983291962bdbfd33ce1c3661d0a4243c99de3b9b5874b4159a41e57c42647aa
3,jan_weekend_am_n8,4,2,mean_selected_buffer_miles,lower,clique,ATTAINED_BY_RESTRICTED_FAMILY,2899/500,1,1,1,0,True,549e1ade723d65b1ea6cf835147f72ea351aa5f9b38316a52988656a656c93ae,5301d8c9d41dff2fae89002a9c7be03a78d0ddf68409a807cd7d4e45ac9788cb
3,jan_weekend_am_n8,4,2,mean_selected_buffer_miles,upper,clique,ATTAINED_BY_RESTRICTED_FAMILY,39859/2000,1,1,1,0,True,c54a3513cc9b464b6b635c618042213037fa96d73755c14ca57b1e79973fa6f1,9656053fab6b8a3a787508615eace1d9c89c7d72927b8a85e87d9282f9fe6bad
3,jan_weekend_am_n8,4,2,mean_selected_buffer_observed_duration_minutes,lower,clique,ATTAINED_BY_RESTRICTED_FAMILY,406/15,1,1,1,0,True,9a93516ec536d48ba286c38f0e4a1ccd3a849014db5e48f459e7213011352380,09118a1a15954c8244db4e0a540888074d0c735a7dece34f1e2f0e54efb4018a
3,jan_weekend_am_n8,4,2,mean_selected_buffer_observed_duration_minutes,upper,clique,ATTAINED_BY_RESTRICTED_FAMILY,3269/60,1,1,1,0,True,c54a3513cc9b464b6b635c618042213037fa96d73755c14ca57b1e79973fa6f1,9656053fab6b8a3a787508615eace1d9c89c7d72927b8a85e87d9282f9fe6bad
3,jan_weekend_am_n8,4,4,mean_selected_buffer_miles,lower,pair,ATTAINED_BY_RESTRICTED_FAMILY,26459/4000,1,1,1,0,True,62894d0148ed03640e97488d93419a5bf7b37523d170f17c635c1e1ffc9db2bb,0a148965568dcd8a8a5518fbd722e71ab3a80981b4ca273d7f278e1ff70c1d58
3,jan_weekend_am_n8,4,4,mean_selected_buffer_miles,upper,pair,ATTAINED_BY_RESTRICTED_FAMILY,7497/500,1,1,1,0,True,e98f0bf137bd87b12647ef2b740a95931b18adbe3c9a8f6e4c1d9bdf85774fe4,3ac04d6dadd854718c50de9903b780fb76cf815aa756bed0af10439e29d75dd1
3,jan_weekend_am_n8,4,4,mean_selected_buffer_observed_duration_minutes,lower,pair,ATTAINED_BY_RESTRICTED_FAMILY,424/15,2,2,2,0,True,b9db82905db322ca81304267ad48a0dd66a1a15402b4b6187696d9994981f60b,0e2beb49a62a607418f0ce0bf5323fda1ffbdbbbd7f4d1dce8131b043e0f249e
3,jan_weekend_am_n8,4,4,mean_selected_buffer_observed_duration_minutes,upper,pair,ATTAINED_BY_RESTRICTED_FAMILY,6013/120,1,1,1,0,True,527a6527fccc6bfdfb9066d2e21c5c4721be8c8115a6a8f18c8e9117c8cce48d,5f0e2d96296b974108a1958998a6bb337612dc0baa3828afab22ad8c2ae28f3d
3,jan_weekend_am_n8,4,4,mean_selected_buffer_miles,lower,clique,ATTAINED_BY_RESTRICTED_FAMILY,26459/4000,1,1,1,0,True,62894d0148ed03640e97488d93419a5bf7b37523d170f17c635c1e1ffc9db2bb,56c1eea78a3c84ade29dac78de5df15504da034e1a0a12ad13dd777b29145a6d
3,jan_weekend_am_n8,4,4,mean_selected_buffer_miles,upper,clique,ATTAINED_BY_RESTRICTED_FAMILY,7497/500,1,1,1,0,True,e98f0bf137bd87b12647ef2b740a95931b18adbe3c9a8f6e4c1d9bdf85774fe4,adab3a2376091ee069f3db677d1fd93b8cb830ce0082deb28ab27d045c3a418c
3,jan_weekend_am_n8,4,4,mean_selected_buffer_observed_duration_minutes,lower,clique,ATTAINED_BY_RESTRICTED_FAMILY,424/15,2,2,2,0,True,b9db82905db322ca81304267ad48a0dd66a1a15402b4b6187696d9994981f60b,0c8fc3ee448593c574fbbc082e1ba8a8a78fa7803b6fb7fcc169ebb017b65849
3,jan_weekend_am_n8,4,4,mean_selected_buffer_observed_duration_minutes,upper,clique,ATTAINED_BY_RESTRICTED_FAMILY,6013/120,1,1,1,0,True,527a6527fccc6bfdfb9066d2e21c5c4721be8c8115a6a8f18c8e9117c8cce48d,08b769d644aa225255be21f5dd1debe58bd522a5a39811639c05b561a19fd8c3
5,apr_weekday_am_n8,2,2,mean_selected_buffer_miles,lower,pair,ATTAINED_BY_RESTRICTED_FAMILY,549/100,1,1,1,0,True,5a8117d313cfdb09983c738d1ecde3146edeb43c4795dd351cf21a00190c4cbb,2fb55f61f706627f9dddc189185b72a6bc22aafffeb905dd4b44916852549885
5,apr_weekday_am_n8,2,2,mean_selected_buffer_miles,upper,pair,ATTAINED_BY_RESTRICTED_FAMILY,1927/100,1,1,1,0,True,2e10ea98059b235e94d29f324bfb621e9f38691cf500930b6bb67ec93f93e20d,6db2845b6a0a17f59544a4a2466aef936637b88e869c1dae79bc2cd0011304dc
5,apr_weekday_am_n8,2,2,mean_selected_buffer_observed_duration_minutes,lower,pair,ATTAINED_BY_RESTRICTED_FAMILY,3571/120,1,1,1,0,True,81979d74230aadabd5a9cb33c8c8b3a6f1d80824b6766fe4033a934a2edb9350,8fe0805cfcd2cd6750d94db3da79dca3d93d8fe13dfb8e5f07d8e8e2917a0530
5,apr_weekday_am_n8,2,2,mean_selected_buffer_observed_duration_minutes,upper,pair,ATTAINED_BY_RESTRICTED_FAMILY,1249/20,1,1,1,0,True,1c2397d4d97c6087f4fc75729ce19abd9ff0edbc59719c18ac82e10465ea129c,c7cce5fa6aa0c7eedf7c2b503f75632f4170c4f38149da370478ba2691cb48c6
5,apr_weekday_am_n8,2,2,mean_selected_buffer_miles,lower,clique,ATTAINED_BY_RESTRICTED_FAMILY,549/100,1,1,1,0,True,5a8117d313cfdb09983c738d1ecde3146edeb43c4795dd351cf21a00190c4cbb,521e11fbe63b6d8972c71b073fe5facc42d300fbf5a34ba7f7c3ae40ecea0786
5,apr_weekday_am_n8,2,2,mean_selected_buffer_miles,upper,clique,ATTAINED_BY_RESTRICTED_FAMILY,1927/100,1,1,1,0,True,2e10ea98059b235e94d29f324bfb621e9f38691cf500930b6bb67ec93f93e20d,3798142821075283c496e29741a52577d79a2c07ea890f5a03eaa64ab69afced
5,apr_weekday_am_n8,2,2,mean_selected_buffer_observed_duration_minutes,lower,clique,ATTAINED_BY_RESTRICTED_FAMILY,3571/120,1,1,1,0,True,81979d74230aadabd5a9cb33c8c8b3a6f1d80824b6766fe4033a934a2edb9350,c6d78957ffc1c99b8681e3e67ae6d68618c3dbb850ad8c01b67c06dea2a2fba4
5,apr_weekday_am_n8,2,2,mean_selected_buffer_observed_duration_minutes,upper,clique,ATTAINED_BY_RESTRICTED_FAMILY,1249/20,1,1,1,0,True,1c2397d4d97c6087f4fc75729ce19abd9ff0edbc59719c18ac82e10465ea129c,bbc712de37fb9893aa67f35cf5f7b2d90dec749c00d1159eb478249276be8634
5,apr_weekday_am_n8,2,4,mean_selected_buffer_miles,lower,pair,ATTAINED_BY_RESTRICTED_FAMILY,2357/400,1,1,1,0,True,dda584f7ac0190956fcaebce6fa2344fd1aac420f9a18d544eff2e997734bab1,e18bcaf795f75bc46b965a744448551e95bd8b92ae909ab7f5c55efdbe25d4ed
5,apr_weekday_am_n8,2,4,mean_selected_buffer_miles,upper,pair,ATTAINED_BY_RESTRICTED_FAMILY,711/40,1,1,1,0,True,7726705cd7ad59b86e7a9cad5d1faa43983cd9e10c2ffd992b1b4ff3cf99add5,06a4304b80e121bd4bdd5f9ad77f69e6655da1851a92b1b9c62c04f155a426ac
5,apr_weekday_am_n8,2,4,mean_selected_buffer_observed_duration_minutes,lower,pair,ATTAINED_BY_RESTRICTED_FAMILY,505/16,1,1,1,0,True,70d269e9fe3bb2da39a1db7c6252f658c540abebae8d4a840eecd154f57918d8,a697065849877a2145a973aed0813472fb6617ddc23a4735b81a9348438caf10
5,apr_weekday_am_n8,2,4,mean_selected_buffer_observed_duration_minutes,upper,pair,ATTAINED_BY_RESTRICTED_FAMILY,14591/240,1,1,1,0,True,bdef23da1f69ea172057b1b1cabb880a4755db4cf5f997a68a1d8b40b9bee362,e4f9a180b3bcfb9f4d435f46717023f08a87777ffa65310de02ff792d163c2fe
5,apr_weekday_am_n8,2,4,mean_selected_buffer_miles,lower,clique,ATTAINED_BY_RESTRICTED_FAMILY,2357/400,1,1,1,0,True,dda584f7ac0190956fcaebce6fa2344fd1aac420f9a18d544eff2e997734bab1,43ce76d67b1b2d922ed02ba46d9cd53bdb7abaaa979d4dd87b9ec59be56139fd
5,apr_weekday_am_n8,2,4,mean_selected_buffer_miles,upper,clique,ATTAINED_BY_RESTRICTED_FAMILY,711/40,1,1,1,0,True,7726705cd7ad59b86e7a9cad5d1faa43983cd9e10c2ffd992b1b4ff3cf99add5,1a7aac3946257cc9201d835076be9451974526b40be113649e2277bcf6c3801d
5,apr_weekday_am_n8,2,4,mean_selected_buffer_observed_duration_minutes,lower,clique,ATTAINED_BY_RESTRICTED_FAMILY,505/16,1,1,1,0,True,70d269e9fe3bb2da39a1db7c6252f658c540abebae8d4a840eecd154f57918d8,feb6de94e9f86b939a01f3f23a5f7361e171f267b48e14d87c3e03d2fd14f477
5,apr_weekday_am_n8,2,4,mean_selected_buffer_observed_duration_minutes,upper,clique,ATTAINED_BY_RESTRICTED_FAMILY,14591/240,1,1,1,0,True,bdef23da1f69ea172057b1b1cabb880a4755db4cf5f997a68a1d8b40b9bee362,c7f3680043d1da7104876548ae575efff4d7daf6bab908fa8f0a9408a303b4ae
5,apr_weekday_am_n8,3,2,mean_selected_buffer_miles,lower,pair,ATTAINED_BY_RESTRICTED_FAMILY,549/100,1,1,1,0,True,cb745add954bed473331b927c4810f500b0f3c854008b6a524c0cdfb6f673496,e03b0a82acb22dd8e895262e3a3377b429c48e0e86aede8b848cefcd3e4f3689
5,apr_weekday_am_n8,3,2,mean_selected_buffer_miles,upper,pair,ATTAINED_BY_RESTRICTED_FAMILY,1927/100,1,1,1,0,True,bdd0e2fc76f8171c8ab3a8024606a0d693e95259f4c54f6346d45568d76c1d7c,73711f88ffc3cd34aaffc83dbd767087a70f0982c87d4feee2bd1540d36cfa15
5,apr_weekday_am_n8,3,2,mean_selected_buffer_observed_duration_minutes,lower,pair,ATTAINED_BY_RESTRICTED_FAMILY,3571/120,1,1,1,0,True,7bf8ef87ea67db64f5d0b2f9603ae760525ee87e56e2c5e42526362e93b9af67,1b4e16194b607c76df016e23d5d0bc30a5b7d4fae7c6405a2ec2f531c068f698
5,apr_weekday_am_n8,3,2,mean_selected_buffer_observed_duration_minutes,upper,pair,ATTAINED_BY_RESTRICTED_FAMILY,1249/20,1,1,1,0,True,1c9a66e76dd47ba2292b1582c1bf804ee6788647371179e3c542cb2f8a222fea,169ee4da793a2643b383da32ef847db99db408392961d72b97a6047630d9e546
5,apr_weekday_am_n8,3,2,mean_selected_buffer_miles,lower,clique,ATTAINED_BY_RESTRICTED_FAMILY,549/100,1,1,1,0,True,cb745add954bed473331b927c4810f500b0f3c854008b6a524c0cdfb6f673496,23ac123a916bef0e6e75595356f3a075c339c1f87d24fa3e09d74aff929c3725
5,apr_weekday_am_n8,3,2,mean_selected_buffer_miles,upper,clique,ATTAINED_BY_RESTRICTED_FAMILY,1927/100,1,1,1,0,True,bdd0e2fc76f8171c8ab3a8024606a0d693e95259f4c54f6346d45568d76c1d7c,38bb6c859d11674afa42382e6b4b267a3ca09e8d6130b29a65b7f7ba0daa9879
5,apr_weekday_am_n8,3,2,mean_selected_buffer_observed_duration_minutes,lower,clique,ATTAINED_BY_RESTRICTED_FAMILY,3571/120,1,1,1,0,True,7bf8ef87ea67db64f5d0b2f9603ae760525ee87e56e2c5e42526362e93b9af67,0f2a1c3659d7d1d5c521fe7a3becefd093027dcf54bde3086a3565ea04b49e1c
5,apr_weekday_am_n8,3,2,mean_selected_buffer_observed_duration_minutes,upper,clique,ATTAINED_BY_RESTRICTED_FAMILY,1249/20,1,1,1,0,True,1c9a66e76dd47ba2292b1582c1bf804ee6788647371179e3c542cb2f8a222fea,67bd947fab5a4c64c9dbea72dfd719320e2270a2961a0c7701a35d8852a989a8
5,apr_weekday_am_n8,3,4,mean_selected_buffer_miles,lower,pair,ATTAINED_BY_RESTRICTED_FAMILY,2357/400,1,1,1,0,True,848da42e885f35e7a2535e5cf2b71701b9559efea699598bc7852cc69e5da130,3c0fa226542ad23e5050adc98a6bc77e562613e1b8e2fda1563c36c0a4082d5e
5,apr_weekday_am_n8,3,4,mean_selected_buffer_miles,upper,pair,ATTAINED_BY_RESTRICTED_FAMILY,711/40,1,1,1,0,True,e2aa6a7115728a73d9ab6fa63e81a8b6e1620c8d8734af6744862841d949e432,a4d1abfad6b6b30d116c7a6dadbfcde371ef057a58526c10957f3f05c15bd808
5,apr_weekday_am_n8,3,4,mean_selected_buffer_observed_duration_minutes,lower,pair,ATTAINED_BY_RESTRICTED_FAMILY,505/16,1,1,1,0,True,7e2d33ec681a7331c443bfca178d2de27472f3de4527bf6ef312681a3e31917a,8b60fdcfabe9365e772b461483db31f22e0440b947edfab6ab1afed4fa7a1ddf
5,apr_weekday_am_n8,3,4,mean_selected_buffer_observed_duration_minutes,upper,pair,ATTAINED_BY_RESTRICTED_FAMILY,14591/240,1,1,1,0,True,cbd3bb1d16147e7c49ff9e1ab99d46dd2ba0840136e0ff5a9cae44a81da21e8d,57d1ce902dfdbcb302ad0b34690ff39fc9b8d6a21984502f6b0b33b20d042f08
5,apr_weekday_am_n8,3,4,mean_selected_buffer_miles,lower,clique,ATTAINED_BY_RESTRICTED_FAMILY,2357/400,1,1,1,0,True,848da42e885f35e7a2535e5cf2b71701b9559efea699598bc7852cc69e5da130,95321065bc43e5d94b4ab3e599ae04692b361b319ddd969c3a6c13cd0040d3e0
5,apr_weekday_am_n8,3,4,mean_selected_buffer_miles,upper,clique,ATTAINED_BY_RESTRICTED_FAMILY,711/40,1,1,1,0,True,e2aa6a7115728a73d9ab6fa63e81a8b6e1620c8d8734af6744862841d949e432,0ffa5e5a3ddd9c5d0cc46dcf90157007e1bbb3af1320eb0d808039c48584a4ff
5,apr_weekday_am_n8,3,4,mean_selected_buffer_observed_duration_minutes,lower,clique,ATTAINED_BY_RESTRICTED_FAMILY,505/16,1,1,1,0,True,7e2d33ec681a7331c443bfca178d2de27472f3de4527bf6ef312681a3e31917a,073ee5ac622953a20f65769850bc5dc84f6e4a95c96c9cf158da124c63521806
5,apr_weekday_am_n8,3,4,mean_selected_buffer_observed_duration_minutes,upper,clique,ATTAINED_BY_RESTRICTED_FAMILY,14591/240,1,1,1,0,True,cbd3bb1d16147e7c49ff9e1ab99d46dd2ba0840136e0ff5a9cae44a81da21e8d,a2fabb8f47052a51ff57aa8a556a7d319a7fe56e675f9a15628b5223ff83cb52
5,apr_weekday_am_n8,4,2,mean_selected_buffer_miles,lower,pair,ATTAINED_BY_RESTRICTED_FAMILY,549/100,1,1,1,0,True,c630c5c88d49d80e61cc441a3b6db3ba5867d2a38eb827b69e4a94e7e388389a,31aafdb9c96a0052cb7cb0906ad383d0ff8c0aa060d1a1014812db208a61afb3
5,apr_weekday_am_n8,4,2,mean_selected_buffer_miles,upper,pair,ATTAINED_BY_RESTRICTED_FAMILY,1927/100,1,1,1,0,True,6427e8def8ed92ffd0b8d77b0db1dc3342fccbf60e122b4de5c13622219b429a,f12522f308c1059b1655762c6f5b27d70ebb45a91870ec6346329b186b9d5606
5,apr_weekday_am_n8,4,2,mean_selected_buffer_observed_duration_minutes,lower,pair,ATTAINED_BY_RESTRICTED_FAMILY,3571/120,1,1,1,0,True,6151a2e05b1e160096ff1003ca40443787915e05cfe12e6453c65aa5cd634539,8ad5e96b201d1931e099c56805f21fc761a345133f6f08b838b3018cae639df4
5,apr_weekday_am_n8,4,2,mean_selected_buffer_observed_duration_minutes,upper,pair,ATTAINED_BY_RESTRICTED_FAMILY,1249/20,1,1,1,0,True,26fa8c3fc0e2ace8d719b24146f7d614f6a914d6961fa5806ff844eaba5e6b96,00fc3e36462fc3a58b9ecae96452d28b395dbe130c003d6771c83648fcb6260b
5,apr_weekday_am_n8,4,2,mean_selected_buffer_miles,lower,clique,ATTAINED_BY_RESTRICTED_FAMILY,549/100,1,1,1,0,True,c630c5c88d49d80e61cc441a3b6db3ba5867d2a38eb827b69e4a94e7e388389a,702062c21e4e47bb207ec6bbf7c3f58b2dd568c3fbbf2c2996331a969e32d286
5,apr_weekday_am_n8,4,2,mean_selected_buffer_miles,upper,clique,ATTAINED_BY_RESTRICTED_FAMILY,1927/100,1,1,1,0,True,6427e8def8ed92ffd0b8d77b0db1dc3342fccbf60e122b4de5c13622219b429a,8ad460f55981b68faaff47e83c6e19be629d4340de7b5a0d6837ab97bbdc9155
5,apr_weekday_am_n8,4,2,mean_selected_buffer_observed_duration_minutes,lower,clique,ATTAINED_BY_RESTRICTED_FAMILY,3571/120,1,1,1,0,True,6151a2e05b1e160096ff1003ca40443787915e05cfe12e6453c65aa5cd634539,63ada0ef5e392d54192613a0d6b5add138e22d8bae5f20e11ec51a1410868c29
5,apr_weekday_am_n8,4,2,mean_selected_buffer_observed_duration_minutes,upper,clique,ATTAINED_BY_RESTRICTED_FAMILY,1249/20,1,1,1,0,True,26fa8c3fc0e2ace8d719b24146f7d614f6a914d6961fa5806ff844eaba5e6b96,c62cd0e5fba82da4f4ca2680a6de002349255932fc00324acbb15e9e9bd85b7f
5,apr_weekday_am_n8,4,4,mean_selected_buffer_miles,lower,pair,ATTAINED_BY_RESTRICTED_FAMILY,2357/400,1,1,1,0,True,cebbf94ac4d7ad8667fc34349ed7b03e6f4dc879fb267e905731f9943d4e5a1b,0d93630b30de6b846d2d4a51c11d2965a9d9707a3ea2cd03fc9eaaaff5c49a80
5,apr_weekday_am_n8,4,4,mean_selected_buffer_miles,upper,pair,ATTAINED_BY_RESTRICTED_FAMILY,711/40,1,1,1,0,True,596561e57cfcf4d552ad0709d4c27b3da778901e1547b0d85c4e19532c5e5797,981829404812d96e0e4fc63d53d9ea02e8c2389d40d18a7e04b7f5c88f4183ff
5,apr_weekday_am_n8,4,4,mean_selected_buffer_observed_duration_minutes,lower,pair,ATTAINED_BY_RESTRICTED_FAMILY,505/16,1,1,1,0,True,53d5da8f56d03abab38706556829eec1a8469f645c45930f5d5ade4ff07415fc,94fc932d6e6c328a2ad2a0ac689e4ad2052c17b3750788f50554e6eadd5e6cd8
5,apr_weekday_am_n8,4,4,mean_selected_buffer_observed_duration_minutes,upper,pair,ATTAINED_BY_RESTRICTED_FAMILY,14591/240,1,1,1,0,True,8a170d7bb8364178dd353f5557f320dc0ba78a3a7c29d51c5d804bbab5d77546,07c15e156bc149a37c58ed384df70f7825e6382c98e337bffa44db9f9041fd82
5,apr_weekday_am_n8,4,4,mean_selected_buffer_miles,lower,clique,ATTAINED_BY_RESTRICTED_FAMILY,2357/400,1,1,1,0,True,cebbf94ac4d7ad8667fc34349ed7b03e6f4dc879fb267e905731f9943d4e5a1b,20508bd293ab2f27a2f0b783ec0533b21f601f6f9932a2d632fbb2fbe4f0cbb7
5,apr_weekday_am_n8,4,4,mean_selected_buffer_miles,upper,clique,ATTAINED_BY_RESTRICTED_FAMILY,711/40,1,1,1,0,True,596561e57cfcf4d552ad0709d4c27b3da778901e1547b0d85c4e19532c5e5797,189acd548f6eb34527ecc9f96356632f892d4e8d87c454b138961d8cf708faa6
5,apr_weekday_am_n8,4,4,mean_selected_buffer_observed_duration_minutes,lower,clique,ATTAINED_BY_RESTRICTED_FAMILY,505/16,1,1,1,0,True,53d5da8f56d03abab38706556829eec1a8469f645c45930f5d5ade4ff07415fc,d5cb2b6e718da043f56f24f4a1108dab8e1a5229d2d0473ace8e9e90b4c31267
5,apr_weekday_am_n8,4,4,mean_selected_buffer_observed_duration_minutes,upper,clique,ATTAINED_BY_RESTRICTED_FAMILY,14591/240,1,1,1,0,True,8a170d7bb8364178dd353f5557f320dc0ba78a3a7c29d51c5d804bbab5d77546,96ada5f1f2165f5be67ad6f55da32aab704a28d8c6bdb1ffe9b09a46677780b8
7,apr_weekday_pm_n8,2,2,mean_selected_buffer_miles,lower,pair,ATTAINED_BY_RESTRICTED_FAMILY,77/25,1,1,1,0,True,6a3c5c0bbc1e1d8e62003a1a3a54cb269590e0cd65dec67ae320283037bf4ad6,0042d4af29d29e1e3c3ed904dfe356cbeec1b94218de20bc1eb2f3c6961ce63d
7,apr_weekday_pm_n8,2,2,mean_selected_buffer_miles,upper,pair,ATTAINED_BY_RESTRICTED_FAMILY,354/25,1,1,1,0,True,6a66237b06cb721a6ec99124a443931d085e5a93279b0d42c0d4970e6d52f838,fe458332b444914cc7cec56cf7ec35c471d6c71f1e365acd55df2527a1692228
7,apr_weekday_pm_n8,2,2,mean_selected_buffer_observed_duration_minutes,lower,pair,ATTAINED_BY_RESTRICTED_FAMILY,4247/120,1,1,1,0,True,ea48492f97903a7717f42c4ae90190b1c45bb0e380e8687556156055fda94442,270f555d75377867385ed56a8dd67e1aa7ae7c971ee7b19808b53d81040c5294
7,apr_weekday_pm_n8,2,2,mean_selected_buffer_observed_duration_minutes,upper,pair,ATTAINED_BY_RESTRICTED_FAMILY,12613/120,1,1,1,0,True,6a66237b06cb721a6ec99124a443931d085e5a93279b0d42c0d4970e6d52f838,fe458332b444914cc7cec56cf7ec35c471d6c71f1e365acd55df2527a1692228
7,apr_weekday_pm_n8,2,2,mean_selected_buffer_miles,lower,clique,ATTAINED_BY_RESTRICTED_FAMILY,77/25,1,1,1,0,True,6a3c5c0bbc1e1d8e62003a1a3a54cb269590e0cd65dec67ae320283037bf4ad6,be309c20c404450722c2bb583e700991e139a4f55adad7b6a5cdadc9d57871e5
7,apr_weekday_pm_n8,2,2,mean_selected_buffer_miles,upper,clique,ATTAINED_BY_RESTRICTED_FAMILY,354/25,1,1,1,0,True,6a66237b06cb721a6ec99124a443931d085e5a93279b0d42c0d4970e6d52f838,4600ac5b4d7b68efc6c7098c30fb9db6e831d4ef3afdec1034d115e25b7b70c2
7,apr_weekday_pm_n8,2,2,mean_selected_buffer_observed_duration_minutes,lower,clique,ATTAINED_BY_RESTRICTED_FAMILY,4247/120,1,1,1,0,True,ea48492f97903a7717f42c4ae90190b1c45bb0e380e8687556156055fda94442,b7e41d653e2e9ec92bd6697240c5be5a9e7a67b674fb5f6eeda9545f22ecd0b4
7,apr_weekday_pm_n8,2,2,mean_selected_buffer_observed_duration_minutes,upper,clique,ATTAINED_BY_RESTRICTED_FAMILY,12613/120,1,1,1,0,True,6a66237b06cb721a6ec99124a443931d085e5a93279b0d42c0d4970e6d52f838,4600ac5b4d7b68efc6c7098c30fb9db6e831d4ef3afdec1034d115e25b7b70c2
7,apr_weekday_pm_n8,2,4,mean_selected_buffer_miles,lower,pair,ATTAINED_BY_RESTRICTED_FAMILY,1523/400,1,1,1,0,True,4ccab3db98c392a9336b29702020c0cc5c664b9c6738dc5fbd03d0d7998c8c58,4d8d96970de18e907c84de3bcb944bca5e6d1606bfbe2e165e925ad2ab6f8897
7,apr_weekday_pm_n8,2,4,mean_selected_buffer_miles,upper,pair,ATTAINED_BY_RESTRICTED_FAMILY,4961/400,1,1,1,0,True,efa4aa27d6716e6dce1eff62f06607deb8b5116075547a197c01e3dac10530ee,e052f04c0cd926a753d6ef9299c7e1597fd720550c41f0b132b1c2ea27f32b73
7,apr_weekday_pm_n8,2,4,mean_selected_buffer_observed_duration_minutes,lower,pair,ATTAINED_BY_RESTRICTED_FAMILY,571/15,1,1,1,0,True,8c48c564d34e7e53fd4fde7152c5bd16b2971c07eb91590077db443605ac7ba9,49eb5b8273b305e48cd18b06ce232cf3606675b70706c8de34f3dff3ac4364bc
7,apr_weekday_pm_n8,2,4,mean_selected_buffer_observed_duration_minutes,upper,pair,ATTAINED_BY_RESTRICTED_FAMILY,21781/240,1,1,1,0,True,b168a66104a06402155a366564081de202e1eacc8dc384ab11e69dd96d9a772e,d4c40a9665851f426b51b6a8d0eb56ac40bb1c086fc8d90cffcee5275d764efb
7,apr_weekday_pm_n8,2,4,mean_selected_buffer_miles,lower,clique,ATTAINED_BY_RESTRICTED_FAMILY,1523/400,1,1,1,0,True,4ccab3db98c392a9336b29702020c0cc5c664b9c6738dc5fbd03d0d7998c8c58,460e739dc07664b388ae7763f832dbc96f7be720c6c17329385b25f14a71c73b
7,apr_weekday_pm_n8,2,4,mean_selected_buffer_miles,upper,clique,ATTAINED_BY_RESTRICTED_FAMILY,4961/400,1,1,1,0,True,efa4aa27d6716e6dce1eff62f06607deb8b5116075547a197c01e3dac10530ee,8916951ab5d330a6f7240ceed30d738052a8a3706a0422e45ace8efe3ad86b93
7,apr_weekday_pm_n8,2,4,mean_selected_buffer_observed_duration_minutes,lower,clique,ATTAINED_BY_RESTRICTED_FAMILY,571/15,1,1,1,0,True,8c48c564d34e7e53fd4fde7152c5bd16b2971c07eb91590077db443605ac7ba9,3d93bbd89e9fd31004f45c3c6a21f1e22173f40d4cf4ac3afc788c808780f4cd
7,apr_weekday_pm_n8,2,4,mean_selected_buffer_observed_duration_minutes,upper,clique,ATTAINED_BY_RESTRICTED_FAMILY,21781/240,1,1,1,0,True,b168a66104a06402155a366564081de202e1eacc8dc384ab11e69dd96d9a772e,4c848636b31290ea05254bf64feb2197a6ab50260563cc24229fcf171f281776
7,apr_weekday_pm_n8,3,2,mean_selected_buffer_miles,lower,pair,ATTAINED_BY_RESTRICTED_FAMILY,77/25,1,1,1,0,True,403987557c178aec34959b7a4b3169810ad15c9d1ed971c99dfe97da590dda80,54e6207a782d763bc4718c51546bbea2e3392b8c3b2d7c6e02777149ec75a593
7,apr_weekday_pm_n8,3,2,mean_selected_buffer_miles,upper,pair,ATTAINED_BY_RESTRICTED_FAMILY,354/25,1,1,1,0,True,9cab097221a4b062af25a46ab296495fbc7d898208a06f12a40d133d20bfab2c,9a6a113ea485d1f7ee2383e96b417e79665cc1d73116fc4808fbdb8d3f1c2bfc
7,apr_weekday_pm_n8,3,2,mean_selected_buffer_observed_duration_minutes,lower,pair,ATTAINED_BY_RESTRICTED_FAMILY,4247/120,1,1,1,0,True,f35d67bada4365524584716accbf47999fb3d0d211508b9b977fd7f691d05ead,ba4fa59d05442ae04620de04b73585624c6c2a14aa8dfaead4e7527fc8ef12e7
7,apr_weekday_pm_n8,3,2,mean_selected_buffer_observed_duration_minutes,upper,pair,ATTAINED_BY_RESTRICTED_FAMILY,12613/120,1,1,1,0,True,9cab097221a4b062af25a46ab296495fbc7d898208a06f12a40d133d20bfab2c,9a6a113ea485d1f7ee2383e96b417e79665cc1d73116fc4808fbdb8d3f1c2bfc
7,apr_weekday_pm_n8,3,2,mean_selected_buffer_miles,lower,clique,ATTAINED_BY_RESTRICTED_FAMILY,77/25,1,1,1,0,True,403987557c178aec34959b7a4b3169810ad15c9d1ed971c99dfe97da590dda80,26afd3c2a3d3800089b9039bd396ca26864f162825a5e6b24114cb7c007c891f
7,apr_weekday_pm_n8,3,2,mean_selected_buffer_miles,upper,clique,ATTAINED_BY_RESTRICTED_FAMILY,354/25,1,1,1,0,True,9cab097221a4b062af25a46ab296495fbc7d898208a06f12a40d133d20bfab2c,44549f3f8a6fe6d29b0cd74106a89bc9ddcbef5cc72572eec0741e68451064e1
7,apr_weekday_pm_n8,3,2,mean_selected_buffer_observed_duration_minutes,lower,clique,ATTAINED_BY_RESTRICTED_FAMILY,4247/120,1,1,1,0,True,f35d67bada4365524584716accbf47999fb3d0d211508b9b977fd7f691d05ead,811ad5ce0291c1b51fb44f95cae83f94ee90c9079ae751d4410029a97942087e
7,apr_weekday_pm_n8,3,2,mean_selected_buffer_observed_duration_minutes,upper,clique,ATTAINED_BY_RESTRICTED_FAMILY,12613/120,1,1,1,0,True,9cab097221a4b062af25a46ab296495fbc7d898208a06f12a40d133d20bfab2c,44549f3f8a6fe6d29b0cd74106a89bc9ddcbef5cc72572eec0741e68451064e1
7,apr_weekday_pm_n8,3,4,mean_selected_buffer_miles,lower,pair,ATTAINED_BY_RESTRICTED_FAMILY,1523/400,1,1,1,0,True,915f24a897ff8d0db66faf6d8ff539b105ea3ba4035386e0e01f1bba05afcf45,2e8bdb5425c844fd507290dc7aff4a6d7f6b5044d7b3b9cd491ab7a695d3b635
7,apr_weekday_pm_n8,3,4,mean_selected_buffer_miles,upper,pair,ATTAINED_BY_RESTRICTED_FAMILY,4961/400,1,1,1,0,True,0388665100c82367571a18255675c356fc478e21ef0cae2ba3ca7b760ebe09a8,9dfbc92be36d5ec7367bf1edb682dd5232f06fe8634f2cab8b89222a31bb293f
7,apr_weekday_pm_n8,3,4,mean_selected_buffer_observed_duration_minutes,lower,pair,ATTAINED_BY_RESTRICTED_FAMILY,571/15,1,1,1,0,True,b3efb573793d343089dbb84d08bc58af566dc650a5661dc138fc8a6d012b379f,73197246ee77004fe23ad587dc0c4211aefae6650fd7d1ea206416a2d2c66428
7,apr_weekday_pm_n8,3,4,mean_selected_buffer_observed_duration_minutes,upper,pair,ATTAINED_BY_RESTRICTED_FAMILY,21781/240,1,1,1,0,True,ce6638fd87bc7c998ac9ed51029551f86967432394e309b3cf785de034d13e76,3bc65c456d1055b850727e8282802c73a629e5905fd7e1fa19747325d7ed065d
7,apr_weekday_pm_n8,3,4,mean_selected_buffer_miles,lower,clique,ATTAINED_BY_RESTRICTED_FAMILY,1523/400,1,1,1,0,True,915f24a897ff8d0db66faf6d8ff539b105ea3ba4035386e0e01f1bba05afcf45,cb296b6c85b4b3f4069a6cdbcc0d9e3034a4a69d2faab1f5819dc0802d34b210
7,apr_weekday_pm_n8,3,4,mean_selected_buffer_miles,upper,clique,ATTAINED_BY_RESTRICTED_FAMILY,4961/400,1,1,1,0,True,0388665100c82367571a18255675c356fc478e21ef0cae2ba3ca7b760ebe09a8,b8f1e0f54d38dd592221273ece5d0545f67bd69f2a28da7551e101c33fe2d208
7,apr_weekday_pm_n8,3,4,mean_selected_buffer_observed_duration_minutes,lower,clique,ATTAINED_BY_RESTRICTED_FAMILY,571/15,1,1,1,0,True,b3efb573793d343089dbb84d08bc58af566dc650a5661dc138fc8a6d012b379f,3e55bd6f8e988e93fb6147d9f94cfe94a8502eb16daa082b0903c5ae74d1fd5b
7,apr_weekday_pm_n8,3,4,mean_selected_buffer_observed_duration_minutes,upper,clique,ATTAINED_BY_RESTRICTED_FAMILY,21781/240,1,1,1,0,True,ce6638fd87bc7c998ac9ed51029551f86967432394e309b3cf785de034d13e76,0b7a18ed990e191a864668624cd0ea45c52d8b2e52abc91aca12468f1aac17e3
7,apr_weekday_pm_n8,4,2,mean_selected_buffer_miles,lower,pair,ATTAINED_BY_RESTRICTED_FAMILY,77/25,1,1,1,0,True,e77bda7adcd0e9d6010c99a1e588e4af12ea29e65fa2e003c8086a33b40b4d01,04f9f9a15ec17b1c8afad8a4c6baeb15aa79fc33629741f68664774e651f4738
7,apr_weekday_pm_n8,4,2,mean_selected_buffer_miles,upper,pair,ATTAINED_BY_RESTRICTED_FAMILY,354/25,1,1,1,0,True,c69a29af325f1005f2e7fb3ac4e285334c37fb6a9aca85b64fbd6191824040c0,1f0d5d67ae417e32328e43018db9f9a40677a5f0714ba04eda89c1ae7d6b2812
7,apr_weekday_pm_n8,4,2,mean_selected_buffer_observed_duration_minutes,lower,pair,ATTAINED_BY_RESTRICTED_FAMILY,4247/120,1,1,1,0,True,00ba559dedf87e28d3270b85648c2a3c1bd01f9f296e49900b41f510aff5bc93,a9b3ab01890c54e8c862f862a64e5075619d082ba8cf3a093c8736e2ae63538a
7,apr_weekday_pm_n8,4,2,mean_selected_buffer_observed_duration_minutes,upper,pair,ATTAINED_BY_RESTRICTED_FAMILY,12613/120,1,1,1,0,True,c69a29af325f1005f2e7fb3ac4e285334c37fb6a9aca85b64fbd6191824040c0,1f0d5d67ae417e32328e43018db9f9a40677a5f0714ba04eda89c1ae7d6b2812
7,apr_weekday_pm_n8,4,2,mean_selected_buffer_miles,lower,clique,ATTAINED_BY_RESTRICTED_FAMILY,77/25,1,1,1,0,True,e77bda7adcd0e9d6010c99a1e588e4af12ea29e65fa2e003c8086a33b40b4d01,19679be4b29c3acf3da94cdb0b9a2bfc365d999a5dfeb70c7f37ed09514fbb00
7,apr_weekday_pm_n8,4,2,mean_selected_buffer_miles,upper,clique,ATTAINED_BY_RESTRICTED_FAMILY,354/25,1,1,1,0,True,c69a29af325f1005f2e7fb3ac4e285334c37fb6a9aca85b64fbd6191824040c0,ac0f0ee8a3e122a962a3e66af040c2889ddf966b92b5e8528370e4f18529ba34
7,apr_weekday_pm_n8,4,2,mean_selected_buffer_observed_duration_minutes,lower,clique,ATTAINED_BY_RESTRICTED_FAMILY,4247/120,1,1,1,0,True,00ba559dedf87e28d3270b85648c2a3c1bd01f9f296e49900b41f510aff5bc93,72f190487950ff8124d40de0e098018dc4a5d3567ed8ed87841bd0e6193e5f5b
7,apr_weekday_pm_n8,4,2,mean_selected_buffer_observed_duration_minutes,upper,clique,ATTAINED_BY_RESTRICTED_FAMILY,12613/120,1,1,1,0,True,c69a29af325f1005f2e7fb3ac4e285334c37fb6a9aca85b64fbd6191824040c0,ac0f0ee8a3e122a962a3e66af040c2889ddf966b92b5e8528370e4f18529ba34
7,apr_weekday_pm_n8,4,4,mean_selected_buffer_miles,lower,pair,ATTAINED_BY_RESTRICTED_FAMILY,1523/400,1,1,1,0,True,49bcd81c6d2b23b4f603fd82903f345d90fb337065d80b24865f5a6df7e3ced7,79fd14789c08291b73669ccc1d09e0202c6ad809ecb4bb942f87865288297eab
7,apr_weekday_pm_n8,4,4,mean_selected_buffer_miles,upper,pair,ATTAINED_BY_RESTRICTED_FAMILY,4961/400,1,1,1,0,True,e5c0ff6ffaa4505a6864519d67cb3436a3f99fba805675698fd1ba36f2ab7044,309bb6951913f25ec2b2b99bbc6c03aee010632c70c2e6086a2d0b365b5bac62
7,apr_weekday_pm_n8,4,4,mean_selected_buffer_observed_duration_minutes,lower,pair,ATTAINED_BY_RESTRICTED_FAMILY,571/15,1,1,1,0,True,ae081dbd4ad5d65f0421e00f87f9438da0aa4ee41bda1fff1c8ff6cdc9d3d05a,c4193f6be9956ae60737b89c7318fbcd5f2a90c91e16bb693d931d172d3bff69
7,apr_weekday_pm_n8,4,4,mean_selected_buffer_observed_duration_minutes,upper,pair,ATTAINED_BY_RESTRICTED_FAMILY,21781/240,1,1,1,0,True,bb82498c7177b2d59e89065a9839d6f246aadc0ceaa96fea5dba4058229fb0b9,8be9a4fd51c9822fc1479cc1f84c48e79a1d0743c72a114ebf4c5962c1a13e44
7,apr_weekday_pm_n8,4,4,mean_selected_buffer_miles,lower,clique,ATTAINED_BY_RESTRICTED_FAMILY,1523/400,1,1,1,0,True,49bcd81c6d2b23b4f603fd82903f345d90fb337065d80b24865f5a6df7e3ced7,74cb078934b500b085b49924b305e8967e40bd3b5a67182df3b35896b98832d2
7,apr_weekday_pm_n8,4,4,mean_selected_buffer_miles,upper,clique,ATTAINED_BY_RESTRICTED_FAMILY,4961/400,1,1,1,0,True,e5c0ff6ffaa4505a6864519d67cb3436a3f99fba805675698fd1ba36f2ab7044,42b25003a33a7247b8b5956a348c07a0f86392bbf724c4cf9d8f17e5d7eef439
7,apr_weekday_pm_n8,4,4,mean_selected_buffer_observed_duration_minutes,lower,clique,ATTAINED_BY_RESTRICTED_FAMILY,571/15,1,1,1,0,True,ae081dbd4ad5d65f0421e00f87f9438da0aa4ee41bda1fff1c8ff6cdc9d3d05a,7ad3d876364c02527c685dae400d1bd082d85320d2178ed5ca49ea675cb7202b
7,apr_weekday_pm_n8,4,4,mean_selected_buffer_observed_duration_minutes,upper,clique,ATTAINED_BY_RESTRICTED_FAMILY,21781/240,1,1,1,0,True,bb82498c7177b2d59e89065a9839d6f246aadc0ceaa96fea5dba4058229fb0b9,7388fdfc3ade9b5bd9bb66636de6b539a0f972bc017a8336f6252dde3733a490
