capacity,family,q,query,status,reachable_q_buffer_masks,all_possible_q_buffer_subsets,lower,lower_rational,lower_witness_sha256,lower_milp_status,lower_milp_witness_sha256,upper,upper_rational,upper_witness_sha256,upper_milp_status,upper_milp_witness_sha256,width,width_rational,elapsed_seconds
2,ordered,2,mean_selected_buffer_miles,CERTIFIED_EXACT_FINITE_FRONTIER,66,66,7.189,7189/1000,9b0481af773432a2fb0fcb51012db5073e97c5d12bcdf9dfa0974b355c8026c8,OPTIMAL_NUMERICAL_MILP_REPLAYED,a6fc677f1b70e1b729876613c0fb877a4ff31873667a5a19e6d8a9d81c8d3f88,26.8445,53689/2000,78d5a8203ee84de1c48dfb4676a60be8cd2671874d9eb4b5b76474192312c322,OPTIMAL_NUMERICAL_MILP_REPLAYED,3ff3fb8003ea4880aa01179c5394ba30b8affaed189442367eaa53242710ef1e,19.6555,39311/2000,0.005301386998326052
2,pair,2,mean_selected_buffer_miles,CERTIFIED_EXACT_FINITE_FRONTIER,66,66,7.189,7189/1000,a83c386dca17d828d8fd4c653f9d606cebb5f2f567f65eb0a62138f9a59475c1,OPTIMAL_NUMERICAL_MILP_REPLAYED,fa3855ab6ede01eadcdcfd16214cb2bd2502522aa755e99ce74c9dc6b4ded914,26.8445,53689/2000,dd71b52474da486814ec95d4b50f72dc9de7a4823a45a3b986e3783e1d5dbe04,OPTIMAL_NUMERICAL_MILP_REPLAYED,a38072b8d2bb2a583a10ed808a122e1be382772ed16b8764ec76214ab577779d,19.6555,39311/2000,0.00514309400023194
2,clique,2,mean_selected_buffer_miles,CERTIFIED_EXACT_FINITE_FRONTIER,66,66,7.189,7189/1000,097a4ed29c6c50ad749005e4d455974f673d36d2343745baac506c51178d84b4,OPTIMAL_NUMERICAL_MILP_REPLAYED,5053c8693c2c0dad9e3b21961154c8c6f809cd0e02bb6a36b1e672a3231c077e,26.8445,53689/2000,5d88e78dd54f78ca2c2c5fc7ed4558c2191a6b31cc649fcf8861599f88a9b87e,OPTIMAL_NUMERICAL_MILP_REPLAYED,f9c097613238e62f622e5dd6645e22365c4011feead2e15a2b67e8ecb53e22a4,19.6555,39311/2000,0.005859404998773243
2,ordered,2,mean_selected_buffer_trip_minutes,CERTIFIED_EXACT_FINITE_FRONTIER,66,66,42.84166666666667,5141/120,5762a700f26f7787320e339107a999f0f25a50a880664408ade7dae40c631737,OPTIMAL_NUMERICAL_MILP_REPLAYED,4b77b8b13916a4bfb785bc262918d01ce32dfc21acfbf3c6181985302b3c72b3,88.33333333333333,265/3,32ae32bdf1cbc7c9862e4ac3636c26a406502ec301568bef467c433d716eb3e0,OPTIMAL_NUMERICAL_MILP_REPLAYED,3206a886cb80078349a032f591f1d9c9c48f4ed13fd3948a470a5301c59a4b92,45.49166666666667,5459/120,0.005119111003295984
2,pair,2,mean_selected_buffer_trip_minutes,CERTIFIED_EXACT_FINITE_FRONTIER,66,66,42.84166666666667,5141/120,604408700b6db3ac0b22406e7509ba6c2e4ae515a4583218761c76688e392fbf,OPTIMAL_NUMERICAL_MILP_REPLAYED,abab23fec469bb0fe1694161e5980dd8b6b586cb28584ca08cd6c68ddc212440,88.33333333333333,265/3,9eadd4b466fef5f477ca55927d1e508e125e617ab2e3059d83d0672ed5c21d65,OPTIMAL_NUMERICAL_MILP_REPLAYED,2dbd04c85a5cca0278e63ae2ffdb5d21d2fec6b44586d0a3d0d7391c057a779a,45.49166666666667,5459/120,0.005109263998747338
2,clique,2,mean_selected_buffer_trip_minutes,CERTIFIED_EXACT_FINITE_FRONTIER,66,66,42.84166666666667,5141/120,3163520beec088ad56bdf95bacf8892712bceaf5cffdb67112613bf5eeac898a,OPTIMAL_NUMERICAL_MILP_REPLAYED,84bfeb53fb93627843c028cd2430c29bc25756401eb3021d2a00f0be9d7d575b,88.33333333333333,265/3,f82990fab12a63d18cd8edbbdef4e707c9f456c83c62dc830a23aaaa864ce5c8,OPTIMAL_NUMERICAL_MILP_REPLAYED,4b7d661aaeadc0c088afd38478b659fa1d06f9561d4f5b10cac41add1d40f0a9,45.49166666666667,5459/120,0.0050701069994829595
2,ordered,4,mean_selected_buffer_miles,CERTIFIED_EXACT_FINITE_FRONTIER,495,495,9.26775,37071/4000,755ecaea2e3591634e7a09e9efca888ee4bf7c8739d1b5d12d1eb82154ac695b,OPTIMAL_NUMERICAL_MILP_REPLAYED,62c44ae81d02a49c52893de081992fd473d41a6cf6c9a503c72f227d0a4e614e,24.658,12329/500,26a1dfa81466e1556ee97cc5e781ef369cdd26616626a9707aa0b60dddda4f83,OPTIMAL_NUMERICAL_MILP_REPLAYED,8393051a7abc3fc5a86621213e90bf83a3eeb20d141946ef3724d808b33a932d,15.39025,61561/4000,0.012683358996582683
2,pair,4,mean_selected_buffer_miles,CERTIFIED_EXACT_FINITE_FRONTIER,495,495,9.26775,37071/4000,e3358c72ed4e502c54b29a12790027cc30952a8a405441331aab6c5584ed0f67,OPTIMAL_NUMERICAL_MILP_REPLAYED,10ff477971a721942a6c2157f164096708502b654dc953f5571a92ff7a29680f,24.658,12329/500,4950993e49af4d0a6f06897cc53a9f8f8704c99cc73d4612449d5779a26447f8,OPTIMAL_NUMERICAL_MILP_REPLAYED,68b49114e12ac9d37da5fc5ef6592b9adaa0da5ea50cfa5fb5f2a1af562db31d,15.39025,61561/4000,0.011529866002092604
2,clique,4,mean_selected_buffer_miles,CERTIFIED_EXACT_FINITE_FRONTIER,495,495,9.26775,37071/4000,d43253714bd9e545e6c1ffb8dcad486350b21c2adfdd2832795697b3ae07e9e1,OPTIMAL_NUMERICAL_MILP_REPLAYED,016619efe2cf65dbee43e06ee79fcddf4c8236b32f5d5339058b183e3b870636,24.658,12329/500,c1a42c6a06ad4dbb40d974338781e95ef4c6b21387d19ae21eba027b1375428a,OPTIMAL_NUMERICAL_MILP_REPLAYED,d790cbd9ba93f23f77c2bab63591f6f55a72c87b0885f5caf682aa35343a0170,15.39025,61561/4000,0.011747723001462873
2,ordered,4,mean_selected_buffer_trip_minutes,CERTIFIED_EXACT_FINITE_FRONTIER,495,495,49.95,999/20,aeb5462029273f83291a3494c3731d46b674863fcc36fef63b25740272236dcb,OPTIMAL_NUMERICAL_MILP_REPLAYED,aeb5462029273f83291a3494c3731d46b674863fcc36fef63b25740272236dcb,83.6,418/5,26a1dfa81466e1556ee97cc5e781ef369cdd26616626a9707aa0b60dddda4f83,OPTIMAL_NUMERICAL_MILP_REPLAYED,8393051a7abc3fc5a86621213e90bf83a3eeb20d141946ef3724d808b33a932d,33.65,673/20,0.011216213999432512
2,pair,4,mean_selected_buffer_trip_minutes,CERTIFIED_EXACT_FINITE_FRONTIER,495,495,49.95,999/20,94013a53e3c243f3a12046aa99e34a1292745e17068bae249da1ce847e6778af,OPTIMAL_NUMERICAL_MILP_REPLAYED,94013a53e3c243f3a12046aa99e34a1292745e17068bae249da1ce847e6778af,83.6,418/5,4950993e49af4d0a6f06897cc53a9f8f8704c99cc73d4612449d5779a26447f8,OPTIMAL_NUMERICAL_MILP_REPLAYED,68b49114e12ac9d37da5fc5ef6592b9adaa0da5ea50cfa5fb5f2a1af562db31d,33.65,673/20,0.015090837005118374
2,clique,4,mean_selected_buffer_trip_minutes,CERTIFIED_EXACT_FINITE_FRONTIER,495,495,49.95,999/20,0ddfcec80584971dc6034ea41d143e7c88c007168a7a5366614fcafefc130958,OPTIMAL_NUMERICAL_MILP_REPLAYED,0ddfcec80584971dc6034ea41d143e7c88c007168a7a5366614fcafefc130958,83.6,418/5,c1a42c6a06ad4dbb40d974338781e95ef4c6b21387d19ae21eba027b1375428a,OPTIMAL_NUMERICAL_MILP_REPLAYED,d790cbd9ba93f23f77c2bab63591f6f55a72c87b0885f5caf682aa35343a0170,33.65,673/20,0.012589983001817018
3,ordered,2,mean_selected_buffer_miles,CERTIFIED_EXACT_FINITE_FRONTIER,66,66,7.189,7189/1000,4dbfcd71747bc76e4e4cd86a466e8655d5b2d906d5d1b28f6393a1ce6f4d1119,OPTIMAL_NUMERICAL_MILP_REPLAYED,1a23a861c8f286d2160f2f77fd83324bb6131ace19a732e3c7966493a78f438b,26.8445,53689/2000,3e1b70e4f3a3adac00b1dc2f3fab8f52cab035470e6c6b7aad37dbc274acf2fc,OPTIMAL_NUMERICAL_MILP_REPLAYED,3e1b70e4f3a3adac00b1dc2f3fab8f52cab035470e6c6b7aad37dbc274acf2fc,19.6555,39311/2000,0.05717597899638349
3,pair,2,mean_selected_buffer_miles,CERTIFIED_EXACT_FINITE_FRONTIER,66,66,7.189,7189/1000,5777cb569e678161acfeff28dd8cf3bb1ca42448010c05bac35f9b3c78deb37c,OPTIMAL_NUMERICAL_MILP_REPLAYED,83e2a41c5e8d2cb930103827d640c4175039f51ef668917651dbf1acc36956eb,26.8445,53689/2000,b5294e001a28f4e8e5fc0b2b18df703fb11d99e919df904adb7b46527f983623,OPTIMAL_NUMERICAL_MILP_REPLAYED,ffc66ca301279ff856cb7dd6cb07f9be5c84f90931280f30fd6960da262bccd8,19.6555,39311/2000,0.005026989005273208
3,clique,2,mean_selected_buffer_miles,CERTIFIED_EXACT_FINITE_FRONTIER,66,66,7.189,7189/1000,b2286c3aba2d065c54c8f0a2c44fad420921782fade0878e2a6b614056157e93,OPTIMAL_NUMERICAL_MILP_REPLAYED,8b89661c2668d05f6721d6abf522f46442dbece4d7a04c3911a690b553ff4980,26.8445,53689/2000,7d7879208add465b2a5b023463a41dd6a0e8d2e6e43e1086362ac89fccfc4770,OPTIMAL_NUMERICAL_MILP_REPLAYED,7d7879208add465b2a5b023463a41dd6a0e8d2e6e43e1086362ac89fccfc4770,19.6555,39311/2000,0.057776802001171745
3,ordered,2,mean_selected_buffer_trip_minutes,CERTIFIED_EXACT_FINITE_FRONTIER,66,66,42.84166666666667,5141/120,bd88d9028b9000209733a3bc6a888097829af42d5a882a2ec1d1bd9ec839c191,OPTIMAL_NUMERICAL_MILP_REPLAYED,e31b380a2287a862d7958df4a8712cc346682938322a59168e483ab0337afd6e,88.33333333333333,265/3,59cba85c6e3bce123e2d7cad52473d47106d2a4518dfa1bfc2ffd707e8d98213,OPTIMAL_NUMERICAL_MILP_REPLAYED,59cba85c6e3bce123e2d7cad52473d47106d2a4518dfa1bfc2ffd707e8d98213,45.49166666666667,5459/120,0.057882454006175976
3,pair,2,mean_selected_buffer_trip_minutes,CERTIFIED_EXACT_FINITE_FRONTIER,66,66,42.84166666666667,5141/120,73d87a46475fd3a15103d7841ef2cfb075d6aab55257a52e0a36f40ca60f2e96,OPTIMAL_NUMERICAL_MILP_REPLAYED,656bd283ec9e2fc36df565234e4c5e5bfbee3a617576cb0c6055b3908b5a2dd4,88.33333333333333,265/3,1e41007fca6719aeaf1ec827dbbbb80c626a0c9c193d13a1bd043f03d02c3d0b,OPTIMAL_NUMERICAL_MILP_REPLAYED,c91e48b7caf17e254c4298cfc43681881f7286977b93f136dc296097611f4a26,45.49166666666667,5459/120,0.006846099997346755
3,clique,2,mean_selected_buffer_trip_minutes,CERTIFIED_EXACT_FINITE_FRONTIER,66,66,42.84166666666667,5141/120,5a233154bf8ed5020b84fe08148e60fe696908f1b8a658fc6f6c52facb5b825c,OPTIMAL_NUMERICAL_MILP_REPLAYED,f59388f812a84d0e3ac308684f1189cafb4c618e49264fa6c1a37ced768c6901,88.33333333333333,265/3,f8a25be25ae0e1041d88ba5161c10d37356d223ca62db961eec3b2c9e048a172,OPTIMAL_NUMERICAL_MILP_REPLAYED,f8a25be25ae0e1041d88ba5161c10d37356d223ca62db961eec3b2c9e048a172,45.49166666666667,5459/120,0.06367070999840507
3,ordered,4,mean_selected_buffer_miles,CERTIFIED_EXACT_FINITE_FRONTIER,495,495,9.26775,37071/4000,d76e4e2aa9b34773ac3b331080deacc779681bc8d01acc1634f77440432a1a4d,OPTIMAL_NUMERICAL_MILP_REPLAYED,5a7fe57cb9287c9c54411cadd2f37b64198a7c4879fa71ccffcc21f55ce43caf,24.658,12329/500,8b03bd106edc1161d594acd8c238fc64e96f08858808f4f9839a5f99c49c7dd3,OPTIMAL_NUMERICAL_MILP_REPLAYED,e115ed7fdb7d2b5bbc2ba0d889b9bb773049c0527cb0835899ff501fe67cb909,15.39025,61561/4000,0.027993757001240738
3,pair,4,mean_selected_buffer_miles,CERTIFIED_EXACT_FINITE_FRONTIER,495,495,9.26775,37071/4000,8958967a4e1ce0bac2801fa3ce0c6dac298e2a218430d8dbd4807a7e17c202af,OPTIMAL_NUMERICAL_MILP_REPLAYED,9b70df7962109769c899aa651276f7e4dd744b602d9f040957ab01cf4f13c159,24.658,12329/500,aabbdfe62fceac683f8cad2c31e27b95e1301d90470c8d48bda5553a618b2cfd,OPTIMAL_NUMERICAL_MILP_REPLAYED,35843d0cf400ef0c8ae84d74361b976aa16983e388f3ecd12ae1c79deaafd672,15.39025,61561/4000,0.0127721000026213
3,clique,4,mean_selected_buffer_miles,CERTIFIED_EXACT_FINITE_FRONTIER,495,495,9.26775,37071/4000,a6eb3fc508f031a5528f8ab2509c5d2677160898d108860fdfc32974efc89c12,OPTIMAL_NUMERICAL_MILP_REPLAYED,2630f987ffad0829125a37e3dbdfcc3bfad4891946f5e443ae710c57f5145d1d,24.658,12329/500,4dc3455ae90a8a3d23395578943fa9d63412da39c6522301b35b9aa8c64af5b7,OPTIMAL_NUMERICAL_MILP_REPLAYED,ba6a268d554c6b263a91fbfe5c81dbeafbe1f972f9ec9953816bf433fd0b0c02,15.39025,61561/4000,0.029496998999093194
3,ordered,4,mean_selected_buffer_trip_minutes,CERTIFIED_EXACT_FINITE_FRONTIER,495,495,49.95,999/20,7f65ae5a628538f65dc0acaa279828ab2c66f1ea4b1d56ad6e2255aa54903e4f,OPTIMAL_NUMERICAL_MILP_REPLAYED,edae490509807ceee874ba07590c33e28847cc36ae2c676aedc2726a223e9730,83.6,418/5,8b03bd106edc1161d594acd8c238fc64e96f08858808f4f9839a5f99c49c7dd3,OPTIMAL_NUMERICAL_MILP_REPLAYED,0eec2d65b22b1733dc093c1080d68820e7e0cd1a17be4b91ef1b63fdd184f09c,33.65,673/20,0.023685332002060022
3,pair,4,mean_selected_buffer_trip_minutes,CERTIFIED_EXACT_FINITE_FRONTIER,495,495,49.95,999/20,c402aa7806168aecba5855ece178587cf78e84600bb3a27444ffb635871681de,OPTIMAL_NUMERICAL_MILP_REPLAYED,c402aa7806168aecba5855ece178587cf78e84600bb3a27444ffb635871681de,83.6,418/5,aabbdfe62fceac683f8cad2c31e27b95e1301d90470c8d48bda5553a618b2cfd,OPTIMAL_NUMERICAL_MILP_REPLAYED,35843d0cf400ef0c8ae84d74361b976aa16983e388f3ecd12ae1c79deaafd672,33.65,673/20,0.011769386997912079
3,clique,4,mean_selected_buffer_trip_minutes,CERTIFIED_EXACT_FINITE_FRONTIER,495,495,49.95,999/20,c8773afd767aeb0b213306b39dd1f5b1fc554395c412b43ba67c510cbbabf4d1,OPTIMAL_NUMERICAL_MILP_REPLAYED,53f49009c87d3f9e88d8c81cc1acdbc8edf5e4df3eda09b284c8cc5b3512323d,83.6,418/5,4dc3455ae90a8a3d23395578943fa9d63412da39c6522301b35b9aa8c64af5b7,OPTIMAL_NUMERICAL_MILP_REPLAYED,244289e06b57e511ffa1dc5cdb95f822d488a00c9d09b5eddc5211747efd494f,33.65,673/20,0.028242320993740577
4,ordered,2,mean_selected_buffer_miles,CERTIFIED_EXACT_FINITE_FRONTIER,66,66,7.189,7189/1000,ffe3173e1cb06c3ed3b6d4c3ce7e2335517440251935348d393e9056f2f2a208,OPTIMAL_NUMERICAL_MILP_REPLAYED,fa44665807ee9b00e48c15039cb4d3e1ebba37818a05a81d396cdd6dc3148e4e,26.8445,53689/2000,f90464ac2bd5630cfd923a9f781b3c0454e983e891d6cc88be2bc56b6e6f11ca,OPTIMAL_NUMERICAL_MILP_REPLAYED,cb66aa9ccdc4e703a1728c47ac9aae59b8955f3c3671d2c1e0763fcaab1788ea,19.6555,39311/2000,0.6731691229942953
4,pair,2,mean_selected_buffer_miles,CERTIFIED_EXACT_FINITE_FRONTIER,66,66,7.189,7189/1000,7b16c67d498bcbab18df6fac0b921176c476079f4b47a8175d6c15e73f506ac7,OPTIMAL_NUMERICAL_MILP_REPLAYED,a4ab86a735a0d1b30db1285b9ec62f58da44492894acdf4e98e537e13b76a33d,26.8445,53689/2000,60d9df27f4248bd555d8eb2e76564c635a5fa403b0843ba10a1dad52fc426d66,OPTIMAL_NUMERICAL_MILP_REPLAYED,1620f9de2441d8d48d2fa71cf036e4d8e46215e02e6a1dc7808566f2ca44d736,19.6555,39311/2000,0.005315559996233787
4,clique,2,mean_selected_buffer_miles,CERTIFIED_EXACT_FINITE_FRONTIER,66,66,7.189,7189/1000,1fa37b633ae231763dca64573d6f61fbdc9323465db295132097f71f6570750b,OPTIMAL_NUMERICAL_MILP_REPLAYED,d4b6b04f4f291cc111f1a48480eecbf48da43188f722bafe14a808f202b027fd,26.8445,53689/2000,3028e1a3263ffeeec3b3a0b21daa143fbb40e9e2dcf0a59a154947d802e8ec44,OPTIMAL_NUMERICAL_MILP_REPLAYED,4f8cb9b1e15c6d0384294cdeaae9e06e6ad1191f50a732ab6b26632e86c6559b,19.6555,39311/2000,0.6579436889951467
4,ordered,2,mean_selected_buffer_trip_minutes,CERTIFIED_EXACT_FINITE_FRONTIER,66,66,42.84166666666667,5141/120,0e1d4b09362af32a87369a3f9dcaa9b98e66c1c719b894827a29d0147d0692a3,OPTIMAL_NUMERICAL_MILP_REPLAYED,95292acc84d149f197041b9459830625494ad3430a978062f9cc3ab1b938716b,88.33333333333333,265/3,e297a7ace70f967b93960903982206a8260524560b3060d423d806b1a736dc57,OPTIMAL_NUMERICAL_MILP_REPLAYED,a91c3d666e1f2050fabb30da78fef75aca0657a48c0a4aab709a024102067eb8,45.49166666666667,5459/120,0.6535532889975002
4,pair,2,mean_selected_buffer_trip_minutes,CERTIFIED_EXACT_FINITE_FRONTIER,66,66,42.84166666666667,5141/120,7963d5e814af08825eecc8c114c91ff27381d7ae9f258a18fd45b0ad29093757,OPTIMAL_NUMERICAL_MILP_REPLAYED,1c1027f607b4f590c68624bcc5e7ae33918c844edcb51501a61f7d1e0977a980,88.33333333333333,265/3,a80b266ac5753f891de9ad4ffb891c2978a565aebad425fe21ee11a5d49c47b2,OPTIMAL_NUMERICAL_MILP_REPLAYED,0ca7179db3832fa1ee214d71fabba87fa6b58043f290c85d38611704598b3ed5,45.49166666666667,5459/120,0.00621918400429422
4,clique,2,mean_selected_buffer_trip_minutes,CERTIFIED_EXACT_FINITE_FRONTIER,66,66,42.84166666666667,5141/120,79bf823cfc3ea1d8c5fb6e4c360cdd2d01c4904d1fddc53e20934ca855f58cea,OPTIMAL_NUMERICAL_MILP_REPLAYED,0e2535a6cca29b949c41e60ad629a73948aad3e08102b6c07eeb0756b98089ac,88.33333333333333,265/3,13f6cafdef9f5d88fc46ef14082c6a459816270467dc9f8c5dbcbd2be39c0754,OPTIMAL_NUMERICAL_MILP_REPLAYED,caf12b5f0c04eb2bfe7c9d8847c5db67b5a25b4a95a3b119cea6dde5274614db,45.49166666666667,5459/120,0.6497824670004775
4,ordered,4,mean_selected_buffer_miles,CERTIFIED_EXACT_FINITE_FRONTIER,495,495,9.26775,37071/4000,2fffbd286ea9c9bd606c7d3be3dd54ef8a93f55b5d19a89309ba08de66a0d57b,OPTIMAL_NUMERICAL_MILP_REPLAYED,d6885a49244ec5243fdde77693003f30d7f88318b060c3bdcc0f06db91268072,24.658,12329/500,3b9b8ab7ef0f0bae48deac8b298529e9758bcc978f9c9559444da610c3fbcd49,OPTIMAL_NUMERICAL_MILP_REPLAYED,c97eb303dc9af4fa84a17965e1ae250970329989e9062236d69deca9e5cc9baf,15.39025,61561/4000,0.42137172000366263
4,pair,4,mean_selected_buffer_miles,CERTIFIED_EXACT_FINITE_FRONTIER,495,495,9.26775,37071/4000,6da46a4099f5fb8ecbf24a98a3c10b62a496f48514ac445f41f5ca8314704fa4,OPTIMAL_NUMERICAL_MILP_REPLAYED,e8b19a281bc7628596191e4efa04b3504ec2bd967a25b034209ca0055cad5954,24.658,12329/500,0d8f73f2a21121876ec7f7ebeb37c69a2ce675a5948174594ece8364eb39fac1,OPTIMAL_NUMERICAL_MILP_REPLAYED,47ddc79f622b0baca86a00c7083ad519ef01be713ddef2bdbfc3a780d564e299,15.39025,61561/4000,0.012123096996219829
4,clique,4,mean_selected_buffer_miles,CERTIFIED_EXACT_FINITE_FRONTIER,495,495,9.26775,37071/4000,ba7d40d8f6a61ae4c3e48f0d0a7bfb616b806c4450bb3b1cfb10ecae21599552,OPTIMAL_NUMERICAL_MILP_REPLAYED,bd0ea8639cf2bec7793cfa643e4ade7327948b99314d7dcd2c995f97ffd167eb,24.658,12329/500,d5b0963bc7e52414bb6c8498b606bc7d98ff1017247b2caa525442c896cb4360,OPTIMAL_NUMERICAL_MILP_REPLAYED,66e5ac426ef2ea91f5c85a709922077d74766fcb779025ebef1b5fe0c4383c0b,15.39025,61561/4000,0.4129849800010561
4,ordered,4,mean_selected_buffer_trip_minutes,CERTIFIED_EXACT_FINITE_FRONTIER,495,495,49.95,999/20,2ffc5ad5a477bafd6912785535b8b79258b0f6adf221c4d6b86aae7db79f895d,OPTIMAL_NUMERICAL_MILP_REPLAYED,abc02a2ab0a680b4c1fd0f91b6e9d498a0c4f3c525b214d3518181a4f190486f,83.6,418/5,3b9b8ab7ef0f0bae48deac8b298529e9758bcc978f9c9559444da610c3fbcd49,OPTIMAL_NUMERICAL_MILP_REPLAYED,e6381b56dcb9e2fab5e3726bb89104b1c99475b6cf3ab2a10141cd8b46ff728c,33.65,673/20,0.7368848949990934
4,pair,4,mean_selected_buffer_trip_minutes,CERTIFIED_EXACT_FINITE_FRONTIER,495,495,49.95,999/20,39c54cbf28a7823cf029eeabf4160f1b2b1422efe986dd5126077bcdec7a268c,OPTIMAL_NUMERICAL_MILP_REPLAYED,39c54cbf28a7823cf029eeabf4160f1b2b1422efe986dd5126077bcdec7a268c,83.6,418/5,0d8f73f2a21121876ec7f7ebeb37c69a2ce675a5948174594ece8364eb39fac1,OPTIMAL_NUMERICAL_MILP_REPLAYED,47ddc79f622b0baca86a00c7083ad519ef01be713ddef2bdbfc3a780d564e299,33.65,673/20,0.01173315000050934
4,clique,4,mean_selected_buffer_trip_minutes,CERTIFIED_EXACT_FINITE_FRONTIER,495,495,49.95,999/20,1956de37abf078ba01e414260ab65d8fa013d2eea8eb3cbcad470b434a843faf,OPTIMAL_NUMERICAL_MILP_REPLAYED,d0eeab04bd72f44576002600b31b03d45301ef736d1ed2c225d8f14dbc964edb,83.6,418/5,d5b0963bc7e52414bb6c8498b606bc7d98ff1017247b2caa525442c896cb4360,OPTIMAL_NUMERICAL_MILP_REPLAYED,97b5d864756406c8f00adcc1b66784099744ffd2cdab06dad992649e561f6581,33.65,673/20,0.7340883900033077
