curve_type,query,parameter_label,paired_window_count,within_1pct_of_full_count,within_1pct_of_full_fraction,relative_distance_to_full_median,base_to_full_change_median,base_to_full_change_q25,base_to_full_change_q75
buffer_padding,mean_absolute_duration_gap_per_core,0 min,90,20,0.2222222222222222,0.019032912340002248,0.8629251700680243,0.5142636402387097,1.1776260964912275
buffer_padding,mean_absolute_duration_gap_per_core,15 min,90,90,1.0,0.0,0.8629251700680243,0.5142636402387097,1.1776260964912275
buffer_padding,mean_absolute_fare_gap_per_core,0 min,2,0,0.0,0.5067934782608696,12.660256410256412,6.4903846153846185,18.830128205128204
buffer_padding,mean_absolute_fare_gap_per_core,15 min,2,2,1.0,0.0,12.660256410256412,6.4903846153846185,18.830128205128204
buffer_padding,mean_absolute_trip_miles_gap_per_core,0 min,89,15,0.16853932584269662,0.023191987930536322,0.5266216216216222,0.2921666666666667,0.7722560975609767
buffer_padding,mean_absolute_trip_miles_gap_per_core,15 min,89,89,1.0,0.0,0.5266216216216222,0.2921666666666667,0.7722560975609767
buffer_padding,same_dropoff_community_area_fraction_per_core,0 min,90,90,1.0,0.0,0.0,0.0,0.0
buffer_padding,same_dropoff_community_area_fraction_per_core,15 min,90,90,1.0,0.0,0.0,0.0,0.0
buffer_padding,same_pickup_community_area_fraction_per_core,0 min,90,89,0.9888888888888889,0.0,0.0,0.0,0.0
buffer_padding,same_pickup_community_area_fraction_per_core,15 min,90,90,1.0,0.0,0.0,0.0,0.0
candidate_omission,mean_absolute_duration_gap_per_core,0,88,20,0.22727272727272727,0.019032912340002248,0.8629251700680243,0.489579506021645,1.1761531432748527
candidate_omission,mean_absolute_duration_gap_per_core,1,88,42,0.4772727272727273,0.010742121524214731,0.8629251700680243,0.489579506021645,1.1761531432748527
candidate_omission,mean_absolute_duration_gap_per_core,2,88,65,0.7386363636363636,0.005698927359861659,0.8629251700680243,0.489579506021645,1.1761531432748527
candidate_omission,mean_absolute_duration_gap_per_core,4,87,80,0.9195402298850575,0.001243956723754052,0.8615646258503347,0.4668401714635735,1.1687268518518508
candidate_omission,mean_absolute_duration_gap_per_core,8,87,86,0.9885057471264368,1.7391689280411881e-16,0.8615646258503347,0.4668401714635735,1.1687268518518508
candidate_omission,mean_absolute_duration_gap_per_core,full-support,88,88,1.0,0.0,0.8629251700680243,0.489579506021645,1.1761531432748527
candidate_omission,mean_absolute_fare_gap_per_core,0,2,0,0.0,0.5067934782608695,12.660256410256409,6.490384615384613,18.830128205128204
candidate_omission,mean_absolute_fare_gap_per_core,1,2,2,1.0,0.0006793478260869353,12.660256410256409,6.490384615384613,18.830128205128204
candidate_omission,mean_absolute_fare_gap_per_core,2,2,2,1.0,0.0,12.660256410256409,6.490384615384613,18.830128205128204
candidate_omission,mean_absolute_fare_gap_per_core,4,1,1,1.0,0.0,0.3205128205128176,0.3205128205128176,0.3205128205128176
candidate_omission,mean_absolute_fare_gap_per_core,8,1,1,1.0,1.5060416681871688e-16,0.3205128205128176,0.3205128205128176,0.3205128205128176
candidate_omission,mean_absolute_fare_gap_per_core,full-support,2,2,1.0,0.0,12.660256410256409,6.490384615384613,18.830128205128204
candidate_omission,mean_absolute_trip_miles_gap_per_core,0,90,15,0.16666666666666666,0.02325233074636853,0.5313487854943553,0.2928014705882358,0.7691920731707302
candidate_omission,mean_absolute_trip_miles_gap_per_core,1,90,44,0.4888888888888889,0.010730506309076508,0.5313487854943553,0.2928014705882358,0.7691920731707302
candidate_omission,mean_absolute_trip_miles_gap_per_core,2,90,61,0.6777777777777778,0.004883449044006864,0.5313487854943553,0.2928014705882358,0.7691920731707302
candidate_omission,mean_absolute_trip_miles_gap_per_core,4,89,87,0.9775280898876404,0.0009632898977160912,0.5266216216216222,0.2921666666666667,0.7600000000000016
candidate_omission,mean_absolute_trip_miles_gap_per_core,8,89,89,1.0,1.5280610650441425e-16,0.5266216216216222,0.2921666666666667,0.7600000000000016
candidate_omission,mean_absolute_trip_miles_gap_per_core,full-support,90,90,1.0,0.0,0.5313487854943553,0.2928014705882358,0.7691920731707302
candidate_omission,same_dropoff_community_area_fraction_per_core,0,90,90,1.0,0.0,0.0,0.0,0.0
candidate_omission,same_dropoff_community_area_fraction_per_core,1,90,90,1.0,0.0,0.0,0.0,0.0
candidate_omission,same_dropoff_community_area_fraction_per_core,2,90,90,1.0,0.0,0.0,0.0,0.0
candidate_omission,same_dropoff_community_area_fraction_per_core,4,89,89,1.0,0.0,0.0,0.0,0.0
candidate_omission,same_dropoff_community_area_fraction_per_core,8,89,89,1.0,0.0,0.0,0.0,0.0
candidate_omission,same_dropoff_community_area_fraction_per_core,full-support,90,90,1.0,0.0,0.0,0.0,0.0
candidate_omission,same_pickup_community_area_fraction_per_core,0,90,89,0.9888888888888889,0.0,0.0,0.0,0.0
candidate_omission,same_pickup_community_area_fraction_per_core,1,90,90,1.0,0.0,0.0,0.0,0.0
candidate_omission,same_pickup_community_area_fraction_per_core,2,90,90,1.0,0.0,0.0,0.0,0.0
candidate_omission,same_pickup_community_area_fraction_per_core,4,89,89,1.0,0.0,0.0,0.0,0.0
candidate_omission,same_pickup_community_area_fraction_per_core,8,89,89,1.0,0.0,0.0,0.0,0.0
candidate_omission,same_pickup_community_area_fraction_per_core,full-support,90,90,1.0,0.0,0.0,0.0,0.0
gamma,mean_absolute_duration_gap_per_core,0,90,0,0.0,0.05062227441891538,2.255994152046785,1.5136709770114951,2.937672456270022
gamma,mean_absolute_duration_gap_per_core,1,90,5,0.05555555555555555,0.04255737008045182,2.255994152046785,1.5136709770114951,2.937672456270022
gamma,mean_absolute_duration_gap_per_core,2,90,5,0.05555555555555555,0.036217335970713874,2.255994152046785,1.5136709770114951,2.937672456270022
gamma,mean_absolute_duration_gap_per_core,4,89,16,0.1797752808988764,0.026770961238195005,2.2277777777777885,1.4908333333333346,2.9202020202020336
gamma,mean_absolute_duration_gap_per_core,8,89,41,0.4606741573033708,0.011622793239932174,2.2277777777777885,1.4908333333333346,2.9202020202020336
gamma,mean_absolute_duration_gap_per_core,full-support,90,90,1.0,0.0,2.255994152046785,1.5136709770114951,2.937672456270022
gamma,mean_absolute_fare_gap_per_core,0,2,0,0.0,0.515625,12.868589743589745,6.802884615384617,18.934294871794872
gamma,mean_absolute_fare_gap_per_core,1,2,1,0.5,0.013586956521739156,12.868589743589745,6.802884615384617,18.934294871794872
gamma,mean_absolute_fare_gap_per_core,2,2,1,0.5,0.01154891304347835,12.868589743589745,6.802884615384617,18.934294871794872
gamma,mean_absolute_fare_gap_per_core,4,1,0,0.0,0.01630434782608705,0.737179487179489,0.737179487179489,0.737179487179489
gamma,mean_absolute_fare_gap_per_core,8,1,0,0.0,0.010869565217391266,0.737179487179489,0.737179487179489,0.737179487179489
gamma,mean_absolute_fare_gap_per_core,full-support,2,2,1.0,0.0,12.868589743589745,6.802884615384617,18.934294871794872
gamma,mean_absolute_trip_miles_gap_per_core,0,89,10,0.11235955056179775,0.01951410166037338,0.42931388888888833,0.29196078431372285,0.637083333333333
gamma,mean_absolute_trip_miles_gap_per_core,1,89,29,0.3258426966292135,0.014711178015880105,0.42931388888888833,0.29196078431372285,0.637083333333333
gamma,mean_absolute_trip_miles_gap_per_core,2,89,40,0.449438202247191,0.011145618211341034,0.42931388888888833,0.29196078431372285,0.637083333333333
gamma,mean_absolute_trip_miles_gap_per_core,4,88,60,0.6818181818181818,0.006173147733427973,0.42493472222222195,0.2915667420814465,0.6253422619047662
gamma,mean_absolute_trip_miles_gap_per_core,8,88,85,0.9659090909090909,0.0018509790307430153,0.42493472222222195,0.2915667420814465,0.6253422619047662
gamma,mean_absolute_trip_miles_gap_per_core,full-support,89,89,1.0,0.0,0.42931388888888833,0.29196078431372285,0.637083333333333
gamma,same_dropoff_community_area_fraction_per_core,0,90,90,1.0,0.0,0.0,0.0,0.0
gamma,same_dropoff_community_area_fraction_per_core,1,90,90,1.0,0.0,0.0,0.0,0.0
gamma,same_dropoff_community_area_fraction_per_core,2,90,90,1.0,0.0,0.0,0.0,0.0
gamma,same_dropoff_community_area_fraction_per_core,4,89,89,1.0,0.0,0.0,0.0,0.0
gamma,same_dropoff_community_area_fraction_per_core,8,89,89,1.0,0.0,0.0,0.0,0.0
gamma,same_dropoff_community_area_fraction_per_core,full-support,90,90,1.0,0.0,0.0,0.0,0.0
gamma,same_pickup_community_area_fraction_per_core,0,90,89,0.9888888888888889,0.0,0.0,0.0,0.0
gamma,same_pickup_community_area_fraction_per_core,1,90,90,1.0,0.0,0.0,0.0,0.0
gamma,same_pickup_community_area_fraction_per_core,2,90,90,1.0,0.0,0.0,0.0,0.0
gamma,same_pickup_community_area_fraction_per_core,4,89,89,1.0,0.0,0.0,0.0,0.0
gamma,same_pickup_community_area_fraction_per_core,8,89,89,1.0,0.0,0.0,0.0,0.0
gamma,same_pickup_community_area_fraction_per_core,full-support,90,90,1.0,0.0,0.0,0.0,0.0
radius,mean_absolute_duration_gap_per_core,0 km,89,0,0.0,0.05991751193478882,2.5985915492957687,1.6027777777777814,4.357948717948709
radius,mean_absolute_duration_gap_per_core,0.25 km,89,0,0.0,0.05991751193478882,2.5985915492957687,1.6027777777777814,4.357948717948709
radius,mean_absolute_duration_gap_per_core,0.5 km,89,0,0.0,0.05991751193478882,2.5985915492957687,1.6027777777777814,4.357948717948709
radius,mean_absolute_duration_gap_per_core,1 km,89,0,0.0,0.056656501473782934,2.5985915492957687,1.6027777777777814,4.357948717948709
radius,mean_absolute_duration_gap_per_core,16 km,89,87,0.9775280898876404,0.0015637578303554455,2.5985915492957687,1.6027777777777814,4.357948717948709
radius,mean_absolute_duration_gap_per_core,2 km,89,0,0.0,0.050491899786032156,2.5985915492957687,1.6027777777777814,4.357948717948709
radius,mean_absolute_duration_gap_per_core,32 km,87,87,1.0,1.8519960894059353e-16,2.597619047619041,1.5850146198830437,4.217542735042738
radius,mean_absolute_duration_gap_per_core,4 km,89,1,0.011235955056179775,0.04342856189300144,2.5985915492957687,1.6027777777777814,4.357948717948709
radius,mean_absolute_duration_gap_per_core,8 km,89,18,0.20224719101123595,0.019688199754953555,2.5985915492957687,1.6027777777777814,4.357948717948709
radius,mean_absolute_duration_gap_per_core,temporal-only,89,89,1.0,0.0,2.5985915492957687,1.6027777777777814,4.357948717948709
radius,mean_absolute_fare_gap_per_core,0 km,1,0,0.0,0.04076086956521732,0.9615384615384599,0.9615384615384599,0.9615384615384599
radius,mean_absolute_fare_gap_per_core,0.25 km,1,0,0.0,0.04076086956521732,0.9615384615384599,0.9615384615384599,0.9615384615384599
radius,mean_absolute_fare_gap_per_core,0.5 km,1,0,0.0,0.03940217391304345,0.9615384615384599,0.9615384615384599,0.9615384615384599
radius,mean_absolute_fare_gap_per_core,1 km,1,0,0.0,0.031249999999999924,0.9615384615384599,0.9615384615384599,0.9615384615384599
radius,mean_absolute_fare_gap_per_core,16 km,1,1,1.0,0.0027173913043478915,0.9615384615384599,0.9615384615384599,0.9615384615384599
radius,mean_absolute_fare_gap_per_core,2 km,1,0,0.0,0.031250000000000076,0.9615384615384599,0.9615384615384599,0.9615384615384599
radius,mean_absolute_fare_gap_per_core,32 km,1,1,1.0,0.0,0.9615384615384599,0.9615384615384599,0.9615384615384599
radius,mean_absolute_fare_gap_per_core,4 km,1,0,0.0,0.027173913043478163,0.9615384615384599,0.9615384615384599,0.9615384615384599
radius,mean_absolute_fare_gap_per_core,8 km,1,1,1.0,0.0040760869565217624,0.9615384615384599,0.9615384615384599,0.9615384615384599
radius,mean_absolute_fare_gap_per_core,temporal-only,1,1,1.0,0.0,0.9615384615384599,0.9615384615384599,0.9615384615384599
radius,mean_absolute_trip_miles_gap_per_core,0 km,88,3,0.03409090909090909,0.034067163507385256,0.7308630952380977,0.3988107090820785,1.1227578630897312
radius,mean_absolute_trip_miles_gap_per_core,0.25 km,88,3,0.03409090909090909,0.034067163507385256,0.7308630952380977,0.3988107090820785,1.1227578630897312
radius,mean_absolute_trip_miles_gap_per_core,0.5 km,88,3,0.03409090909090909,0.03290394893955946,0.7308630952380977,0.3988107090820785,1.1227578630897312
radius,mean_absolute_trip_miles_gap_per_core,1 km,88,4,0.045454545454545456,0.025812704971550055,0.7308630952380977,0.3988107090820785,1.1227578630897312
radius,mean_absolute_trip_miles_gap_per_core,16 km,88,86,0.9772727272727273,0.0008343266770816883,0.7308630952380977,0.3988107090820785,1.1227578630897312
radius,mean_absolute_trip_miles_gap_per_core,2 km,88,10,0.11363636363636363,0.01935049358720111,0.7308630952380977,0.3988107090820785,1.1227578630897312
radius,mean_absolute_trip_miles_gap_per_core,32 km,88,88,1.0,1.8301865311663123e-16,0.7308630952380977,0.3988107090820785,1.1227578630897312
radius,mean_absolute_trip_miles_gap_per_core,4 km,88,21,0.23863636363636365,0.01599566193779689,0.7308630952380977,0.3988107090820785,1.1227578630897312
radius,mean_absolute_trip_miles_gap_per_core,8 km,88,43,0.48863636363636365,0.010422556775097007,0.7308630952380977,0.3988107090820785,1.1227578630897312
radius,mean_absolute_trip_miles_gap_per_core,temporal-only,88,88,1.0,0.0,0.7308630952380977,0.3988107090820785,1.1227578630897312
radius,same_dropoff_community_area_fraction_per_core,0 km,89,89,1.0,0.0,0.0,0.0,0.0
radius,same_dropoff_community_area_fraction_per_core,0.25 km,89,89,1.0,0.0,0.0,0.0,0.0
radius,same_dropoff_community_area_fraction_per_core,0.5 km,89,89,1.0,0.0,0.0,0.0,0.0
radius,same_dropoff_community_area_fraction_per_core,1 km,89,89,1.0,0.0,0.0,0.0,0.0
radius,same_dropoff_community_area_fraction_per_core,16 km,89,89,1.0,0.0,0.0,0.0,0.0
radius,same_dropoff_community_area_fraction_per_core,2 km,89,89,1.0,0.0,0.0,0.0,0.0
radius,same_dropoff_community_area_fraction_per_core,32 km,89,89,1.0,0.0,0.0,0.0,0.0
radius,same_dropoff_community_area_fraction_per_core,4 km,89,89,1.0,0.0,0.0,0.0,0.0
radius,same_dropoff_community_area_fraction_per_core,8 km,89,89,1.0,0.0,0.0,0.0,0.0
radius,same_dropoff_community_area_fraction_per_core,temporal-only,89,89,1.0,0.0,0.0,0.0,0.0
radius,same_pickup_community_area_fraction_per_core,0 km,89,89,1.0,0.0,0.0,0.0,0.0
radius,same_pickup_community_area_fraction_per_core,0.25 km,89,89,1.0,0.0,0.0,0.0,0.0
radius,same_pickup_community_area_fraction_per_core,0.5 km,89,89,1.0,0.0,0.0,0.0,0.0
radius,same_pickup_community_area_fraction_per_core,1 km,89,89,1.0,0.0,0.0,0.0,0.0
radius,same_pickup_community_area_fraction_per_core,16 km,89,89,1.0,0.0,0.0,0.0,0.0
radius,same_pickup_community_area_fraction_per_core,2 km,89,89,1.0,0.0,0.0,0.0,0.0
radius,same_pickup_community_area_fraction_per_core,32 km,89,89,1.0,0.0,0.0,0.0,0.0
radius,same_pickup_community_area_fraction_per_core,4 km,89,89,1.0,0.0,0.0,0.0,0.0
radius,same_pickup_community_area_fraction_per_core,8 km,89,89,1.0,0.0,0.0,0.0,0.0
radius,same_pickup_community_area_fraction_per_core,temporal-only,89,89,1.0,0.0,0.0,0.0,0.0
